Name,,09/26/2020,10/27/2020,11/28/2020,12/28/2020,01/27/2021,02/26/2021,03/28/2021,04/27/2021,05/27/2021,06/26/2021,07/26/2021
Age,,1,1,1,1,1,1,1,1,1,1,1
Sex,,1,1,1,1,1,1,1,1,1,1,
Children,,1,1,1,1,1,1,1,1,1,1,
ChildrenUnder18,,1,1,1,1,1,1,1,1,1,1,
Education,,1,1,1,1,1,1,1,1,1,1,
SSES,,1,,,,,1,,,,,
OccupationRisk,,1,1,1,1,1,1,1,1,1,1,
MoveChildhood,,1,,,,,,,,,,
Move,,1,,,,,,,,,,
NumberInHouse,,1,,,,,,,,,,
Preexisting,,1,,,,,,,,,,
Citizen,,1,1,1,1,1,1,1,1,1,1,1
Responsible,,,1,,,,,,,,,
PFINeigh1,,1,1,1,1,1,1,1,1,1,1,1
PFINeigh2,,1,1,1,1,1,1,1,1,1,1,1
PFINeigh3,,1,1,1,1,1,1,1,1,1,1,1
PFINeigh4,,1,1,1,1,1,1,1,1,1,1,1
PFINeigh5,,1,1,1,1,1,1,1,1,1,1,1
PFINeigh6,,1,1,1,1,1,1,1,1,1,1,1
WillingnessNeigh,,1,1,1,1,1,1,1,1,1,1,1
NBTneigh,,1,1,1,1,1,1,1,1,1,1,1
PFIcountry1,,1,1,1,1,1,1,1,1,1,1,1
PFIcountry2,,1,1,1,1,1,1,1,1,1,1,1
PFIcountry3,,1,1,1,1,1,1,1,1,1,1,1
PFIcountry4,,1,1,1,1,1,1,1,1,1,1,1
PFIcountry5,,1,1,1,1,1,1,1,1,1,1,1
PFIcountry6,,1,1,1,1,1,1,1,1,1,1,1
WillingnessCountry,,1,1,1,1,1,1,1,1,1,1,1
NBTcountry,,1,1,1,1,1,1,1,1,1,1,1
InfectedCovid,,1,1,1,1,1,1,1,1,1,1,1
TestedCovid,,1,1,1,1,1,1,1,1,1,1,1
WeekSinceCovid,,1,1,1,1,1,1,1,1,1,1,1
Symptoms1,,1,1,1,1,1,1,1,1,1,1,1
Symptoms2,,1,1,1,1,1,1,1,1,1,1,1
Symptoms3,,1,1,1,1,1,1,1,1,1,1,1
Symptoms4,,1,1,1,1,1,1,1,1,1,1,1
Symptoms5,,1,1,1,1,1,1,1,1,1,1,1
Symptoms6,,1,1,1,1,1,1,1,1,1,1,1
Symptoms7,,1,1,1,1,1,1,1,1,1,1,1
Symptoms8,,1,1,1,1,1,1,1,1,1,1,1
Symptoms9,,1,1,1,1,1,1,1,1,1,1,1
Symptoms10,,1,1,1,1,1,1,1,1,1,1,1
Symptoms11,,1,1,1,1,1,1,1,1,1,1,1
Symptoms12,,,1,1,1,1,1,1,1,1,1,1
Symptoms13,,,1,1,1,1,1,1,1,1,1,1
ContactsInfected,,1,1,1,1,1,1,1,1,1,1,1
Contacts24hrs,,1,1,1,1,1,1,1,1,1,1,1
Contacts7days,,,1,1,1,1,1,1,1,1,1,1
ContactsMask,,1,1,1,1,1,1,1,1,1,1,1
HouseMask,,1,1,1,1,1,1,1,1,1,1,1
Stress,,1,1,1,1,1,1,1,1,1,1,1
PerceptionRisk,,1,1,1,1,1,1,1,1,1,1,1
InfectionSeverity,,1,1,1,1,1,1,1,1,1,1,1
ConcernCovid,,1,1,1,1,1,1,1,1,1,1,1
EconomyVSshutdown,,1,1,,,,,,,,,
HelpGiven1,,1,1,1,1,1,1,1,1,1,1,1
HelpGiven2,,1,1,1,1,1,1,1,1,1,1,1
HelpGiven3,,1,1,1,1,1,1,1,1,1,1,1
HelpGiven4,,1,1,1,1,1,1,1,1,1,1,1
HelpGiven5,,1,1,1,1,1,1,1,1,1,1,1
HelpGiven6,,1,1,1,1,1,1,1,1,1,1,1
ReasonHelp,,,,1,1,1,1,1,1,1,1,1
PersonHelped,,,,1,1,1,1,1,1,1,1,1
EmpathyState1,,1,1,1,1,1,1,1,1,1,1,1
EmpathyState2,,1,1,1,1,1,1,1,1,1,1,1
EmpathyState3,,1,1,1,1,1,1,1,1,1,1,1
EmpathyState4,,1,1,1,1,1,1,1,1,1,1,1
TimeSinceHelp,,1,1,1,1,1,1,1,1,1,1,1
HelpReceived1,,1,1,1,1,1,1,1,1,1,1,1
HelpReceived2,,1,1,1,1,1,1,1,1,1,1,1
HelpReceived3,,1,1,1,1,1,1,1,1,1,1,1
HelpReceived4,,1,1,1,1,1,1,1,1,1,1,1
HelpReceived5,,1,1,1,1,1,1,1,1,1,1,1
HelpReceived6,,1,1,1,1,1,1,1,1,1,1,1
Predictability1,,1,,,,,,,,,,
Predictability2,,1,,,,,,,,,,
Predictability3,,1,,,,,,,,,,
Predictability4,,1,,,,,,,,,,
Predictability5,,1,,,,,,,,,,
Predictability6,,1,,,,,,,,,,
Predictability7,,1,,,,,,,,,,
Expectation1,,1,,,,,,,,,,
Expectation2,,1,,,,,,,,,,
Expectation3,,1,,,,,,,,,,
Expectation4,,1,,,,,,,,,,
Expectation5,,1,,,,,,,,,,
Expectation6,,1,,,,,,,,,,
Expectation7,,1,,,,,,,,,,
Challenges1,,1,,,,,,,,,,
Challenges2,,1,,,,,,,,,,
Challenges3,,1,,,,,,,,,,
Challenges4,,1,,,,,,,,,,
Challenges5,,1,,,,,,,,,,
Challenges6,,1,,,,,,,,,,
IRIconcern1,,1,,,,,,,,,,
IRIconcern2,,1,,,,,,,,,,
IRIconcern3,,1,,,,,,,,,,
IRIconcern4,,1,,,,,,,,,,
IRIconcern5,,1,,,,,,,,,,
IRIconcern6,,1,,,,,,,,,,
IRIdistress1,,1,,,,,,,,,,
IRIdistress2,,1,,,,,,,,,,
IRIdistress3,,1,,,,,,,,,,
IRIdistress4,,1,,,,,,,,,,
IRIdistress5,,1,,,,,,,,,,
IRIdistress6,,1,,,,,,,,,,
IRIdistress7,,1,,,,,,,,,,
CovidVolunteer,,1,,,,,,,,,,
TimeSpentOthers,,1,1,1,1,1,1,1,1,1,1,1
MoneyDonated,,1,1,1,1,1,1,1,1,1,1,1
PresentVfuture1,,,,1,,,1,,1,,,
PresentVfuture2,,,,1,,,1,,1,,,
PresentVfuture3,,,,1,,,,,,,,
PresentVfuture4,,,,1,,,1,,1,,,
FutureImportant,,,,1,,,1,,1,,,
PresentImportant,,,,1,,,,,,,,
Back2Normal,,1,1,1,1,1,1,1,1,1,1,1
ElectionBck2Normal,,1,1,,,,,,,,,
ConditionsChange,,1,1,1,1,1,1,1,1,1,1,1
Vaccine,,1,1,1,1,1,1,1,1,1,1,1
TrustVaccine,,1,1,1,1,1,1,1,1,1,1,1
OthersVaccine,,,,1,1,1,1,1,1,1,1,1
ReceiveVaccine,,,,,,1,1,,,,,
VaccineHealth,,,,,,1,,,,,,
VaccineOtherHealth,,,,,,1,,,,,,
VaccineSafety1,,,,,,1,1,,,,,
VaccineSafety2,,,,,,1,1,,,,,
VaccineSafety3,,,,,,1,1,,,,,
VaccineTV,,,,,,1,,,,,,
VaccinePeers,,,,,,1,,,,,,
AfterVaccineNormal,,,,,,1,,,,,,
VaccineRisk1,,,,,,1,,,,,,
VaccineRisk2,,,,,,1,,,,,,
VaccineRightThing,,,,,,,1,,1,1,1,1
TimeToVaccine,,,,1,1,1,1,1,1,1,1,1
FinancialHardship,,1,1,1,,1,,1,,1,,1
CFCset1.1,,1,,1,,1,,1,,1,,
CFCset1.2,,1,,1,,1,,1,,1,,
CFCset1.3,,1,,1,,1,,1,,1,,
CFCset1.4,,1,,1,,1,,1,,1,,
CFCset1.5,,1,,1,,1,,1,,1,,
CFCset1.6,,1,,1,,1,,1,,1,,
CFCset1.7,,1,,1,,1,,1,,1,,
CFCset2.1,,1,,1,,1,,1,,1,,
CFCset2.2,,1,,1,,1,,1,,1,,
CFCset2.3,,1,,1,,1,,1,,1,,
CFCset2.4,,1,,1,,1,,1,,1,,
CFCset2.5,,1,,1,,1,,1,,1,,
CFCset2.6,,1,,1,,1,,1,,1,,
CFCset2.7,,1,,1,,1,,1,,1,,
Discounting1,,1,,1,,1,,,,,,
Discounting2,,1,,1,,1,,,,,,
Discounting3,,1,,1,,1,,,,,,
Discounting4,,1,,1,,1,,,,,,
Discounting5,,1,,1,,1,,,,,,
Discounting6,,1,,1,,1,,,,,,
Discounting7,,1,,1,,1,,,,,,
Discounting8,,1,,1,,1,,,,,,
Discounting9,,1,,1,,1,,,,,,
Discounting10,,1,,1,,1,,,,,,
Discounting11,,1,,1,,1,,,,,,
Discounting12,,1,,1,,1,,,,,,
Discounting13,,1,,1,,1,,,,,,
Discounting14,,1,,1,,1,,,,,,
Discounting15,,1,,1,,1,,,,,,
Discounting16,,1,,1,,1,,,,,,
Discounting17,,1,,1,,1,,,,,,
Discounting18,,1,,1,,1,,,,,,
Discounting19,,1,,1,,1,,,,,,
Discounting20,,1,,1,,1,,,,,,
Discounting21,,1,,1,,1,,,,,,
Discounting22,,1,,1,,1,,,,,,
Discounting23,,1,,1,,1,,,,,,
Discounting24,,1,,1,,1,,,,,,
Discounting25,,1,,1,,1,,,,,,
Discounting26,,1,,1,,1,,,,,,
Discounting27,,1,,1,,1,,,,,,
TroubleRemember,,1,1,,,,,,,,,
TimePassed,,1,1,,,,1,1,,,,
SimilarDays,,1,1,,,,1,,,,,
RecentForgotten,,,,,,,1,,,,,
FarMonth,,,1,,,,1,1,,,,
FarYear,,,1,,,,1,1,,,,
Optimistic1,,,,,,,1,,,,,
Optimistic2,,,,,,,1,,,,,
Optimistic3,,,,,,,1,,,,,
Optimistic4,,,,,,,1,,,,,
Optimistic5,,,,,,,1,,,,,
Optimistic6,,,,,,,1,,,,,
Optimistic7,,,,,,,1,,,,,
Optimistic8,,,,,,,1,,,,,
Optimistic9,,,,,,,1,,,,,
Optimistic1old,,,1,,,,,,,,,
Optimistic2old,,,1,,,,,,,,,
Optimistic3old,,,1,,,,,,,,,
Optimistic4old,,,1,,,,,,,,,
Optimistic5old,,,1,,,,,,,,,
ConspiracySet1.1,,1,1,1,1,1,1,,,,,
ConspiracySet1.2,,1,1,1,1,1,1,,,,,
ConspiracySet1.3,,1,1,1,1,1,1,,,,,
ConspiracySet1.4,,1,1,1,1,1,1,,,,,
ConspiracySet1.5,,1,1,1,1,1,1,,,,,
ConspiracySet1.6,,1,1,1,1,1,1,,,,,
ConspiracySet1.7,,1,1,1,1,1,1,,,,,
ConspiracySet2.1,,1,1,1,1,1,1,,,,,
ConspiracySet2.2,,1,1,1,1,1,1,,,,,
ConspiracySet2.3,,1,1,1,1,1,1,,,,,
ConspiracySet2.4,,1,1,1,1,1,1,,,,,
ConspiracySet2.5,,1,1,1,1,1,1,,,,,
ConspiracySet2.6,,1,1,1,1,1,1,,,,,
ConspiracySet2.7,,1,1,1,1,1,1,,,,,
ConspiracySet2.8,,1,1,1,1,1,1,,,,,
Sociopolitical,,1,,,,,,,,,,
Econopolitical,,1,,,,,,,,,,
MaskPolitical,,1,1,,1,,,,,,,
MaskOtherStatement,,1,1,,1,,,,,,,
RefuseMask,,1,1,,1,,,,,,,
MaskMakeStatement,,1,1,,1,,,,,,,
NoMaskStatement,,1,1,,1,,,,,,,
NoMaskOtherState,,,1,,1,,,,,,,
TrumpMask1,,1,,,,,,,,,,
TrumpMask2,,1,,,,,,,,,,
NeighborMask,,1,,,,,,,,,,
NeighborMask1,,,1,1,,1,,,,1,,1
NeighborMask2,,,1,1,,1,,,,1,,1
WrongMaskIntention,,,,,,,1,,,,,
WrongMaskComfort,,,,,,,1,,,,,
WrongMaskComply,,,,,,,1,,,,,
MaskAttitudes1,,1,1,,1,,1,,,1,,
MaskAttitudes2,,1,1,,1,,1,,,1,,
MaskAttitudes3,,1,1,,1,,1,,,1,,
MaskAttitudes4,,1,1,,1,,1,,,1,,
MaskAttitudes5,,1,1,,1,,1,,,1,,
MaskAttitudes6,,1,1,,1,,1,,,1,,
MaskTrust,,1,1,,1,,1,,,1,,
MaskIntelligence,,1,1,,1,,1,,,1,,
MaskMotives1,,,1,,1,1,,1,,1,,1
MaskMotives2,,,1,,1,1,,1,,1,,1
MaskMotives3,,,1,,1,1,,1,,1,,1
MaskStigma1,,,1,,,,,,,,,
MaskStigma2,,,1,,,,,,,,,
MaskStigma3,,,1,,,,,,,,,
MaskStigma4,,,1,,,,,,,,,
MaskStereotype,,,1,,,,,,,,,
MaskLegal,,,1,1,,1,,,,1,,1
MaskRespect,,,1,1,,1,,,,1,,1
MaskEncouraged,,,1,1,,1,,,,1,,1
MaskMouthNose,,,,,,1,,,,,,
NotCoverNose,,,,,,1,,,,1,,
FeelOthersNose,,,,,,1,,,,,,
FriendSameBelief,,1,,,,,,,,,,
RightWing,,1,,,,,,,,,,
Dogmatism,,1,,,,,,,,,,
Fundamentalism,,1,,,,,,,,,,
Exclusivity,,1,,,,,,,,,,
Income,,1,,,,,1,,,,,
Savings,,1,,,,,1,,,,,
Assests,,1,,,,,1,,,,,
PFIaffectNeigh,,1,1,1,1,1,1,1,1,1,1,1
PFIaffectCountry,,1,1,1,1,1,1,1,1,1,1,1
PFIsharedfateCountry,,,1,1,1,1,1,1,1,1,1,1
PFIsharedfateNeigh,,1,1,1,1,1,1,1,1,1,1,1
CovidSymptoms,,1,1,1,1,1,1,1,1,1,1,1
HelpGiven,,1,1,1,1,1,1,1,1,1,1,1
HelpReceived,,1,1,1,1,1,1,1,1,1,1,1
MutualAid,,1,1,1,1,1,1,1,1,1,1,1
EmpatheticConcern,,1,1,1,1,1,1,1,1,1,1,1
EmpatheticDistress,,1,1,1,1,1,1,1,1,1,1,1
Predictability,,1,,,,,,,,,,
Repayment,,1,,,,,,,,,,
Challenges,,1,,,,,,,,,,
Wealth,,1,,,,,1,,,,,
TraitEmpathicConcern,,1,,,,,,,,,,
TraitEmpathicdistress,,1,,,,,,,,,,
BeliefInConspiracy,,1,1,1,1,1,1,,,,,
PoliticalOrientation,,1,,,,,,,,,,
DiscountingRate,,1,,1,,1,,,,,,
SmallSooner,,1,,1,,1,,,,,,
LargerSooner,,1,,1,,1,,,,,,
NoResponse,,1,,1,,1,,,,,,
@00025.1,,1,,1,,1,,,,,,
@00039.1,,1,,1,,1,,,,,,
@00098.1,,1,,1,,1,,,,,,
@0021.1,,1,,1,,,,,,,,
@0034.1,,1,,1,,,,,,,,
@0055.1,,1,,1,,,,,,,,
@0087.1,,1,,1,,1,,,,,,
@013.1,,1,,1,,1,,,,,,
@02.1,,1,,1,,1,,,,,,
@025.1,,1,,1,,1,,,,,,
SourceInfo1,,,1,,,,,,1,,,
SourceInfo2,,,1,,,,,,1,,,
SourceInfo3,,,1,,,,,,1,,,
SourceInfo4,,,1,,,,,,1,,,
SourceInfo5,,,1,,,,,,1,,,
SourceInfo6,,,1,,,,,,1,,,
SourceInfo7,,,1,,,,,,1,,,
SourceInfo8,,,1,,,,,,1,,,
SourceInfo9,,,1,,,,,,1,,,
SourceInfo10,,,1,,,,,,1,,,
SourceInfo11,,,1,,,,,,1,,,
SourceInfo12,,,1,,,,,,1,,,
SourceInfo13,,,1,,,,,,1,,,
SourceInfo14,,,1,,,,,,1,,,
Fundamental1,,,1,1,1,1,1,1,1,1,1,1
Fundamental2,,,1,1,1,1,1,1,1,1,1,1
Fundamental3,,,1,1,1,1,1,1,1,1,1,1
Fundamental4,,,1,1,1,1,1,1,1,1,1,1
Fundamental5,,,1,1,1,1,1,1,1,1,1,1
Fundamental6,,,1,1,1,1,1,1,1,1,1,1
Fundamental7,,,1,1,1,1,1,1,1,1,1,1
Fundamental8,,,1,1,1,1,1,1,1,1,1,1
Fundamental9,,,1,1,1,1,1,1,1,1,1,1
Fundamental10,,,1,1,1,1,1,1,1,1,1,1
RiskManage1,,,1,,,1,,,1,,,1
RiskManage2,,,1,,,1,,,1,,,1
RiskManage3,,,1,,,1,,,1,,,1
RiskManage4,,,1,,,1,,,1,,,1
RiskManage5,,,1,,,1,,,1,,,1
RiskManage6,,,1,,,1,,,1,,,1
RiskManage7,,,1,,,1,,,1,,,1
RiskManage8,,,1,,,1,,,1,,,1
RiskManage9,,,1,,,1,,,1,,,1
RiskManage10,,,1,,,1,,,1,,,1
RiskManage11,,,1,,,1,,,1,,,1
NewFood,,,1,,,,,,,,,
RiskReduction,,,1,,,1,,,1,,,1
RiskAvoidance,,,1,,,1,,,1,,,1
RiskRetention,,,1,,,1,,,1,,,1
RiskTransfer,,,1,,,1,,,1,,,1
ShopBF,,,,1,,,,,,,,
MaskBF,,,,1,,,,,,,,
WorriedCovidBF1,,,,1,,,,,,,,
WorriedCovidBF2,,,,1,,,,,,,,
ChangePlansBF3,,,,1,,,,,,,,
CelebrateTG,,,,1,,,,,,,,
PrecautionTG,,,,1,,,,,,,,
HowManyTG,,,,1,,,,,,,,
NotHouseHoldTG,,,,1,,,,,,,,
MaskTG,,,,1,,,,,,,,
COVIDpositiveTG,,,,1,,,,,,,,
WorriedCovidTG1,,,,1,,,,,,,,
WorriedCovidTG2,,,,1,,,,,,,,
CancelTG,,,,1,,,,,,,,
SchoolChild,,,,1,,1,,,1,,,1
SchoolConcern,,,,1,,,,,1,,,
SchoolMethod,,,,1,,,,,1,,,
PreferredMethod,,,,1,,,,,1,,,
Schoolitems1,,,,1,,1,,,1,,,1
Schoolitems2,,,,1,,1,,,1,,,1
Schoolitems3,,,,1,,1,,,1,,,1
Schoolitems4,,,,1,,1,,,1,,,1
RiskBehavior1,,,,1,,,,,,,,
RiskBehavior2,,,,1,,,,,,,,
RiskBehavior3,,,,1,,,,,,,,
RiskBehavior4,,,,1,,,,,,,,
RiskBehavior5,,,,1,,,,,,,,
RiskBehavior6,,,,1,,,,,,,,
ReduceCovidRisk1,,,,1,,,,,,,,
ReduceCovidRisk2,,,,1,,,,,,,,
ReduceCovidRisk3,,,,1,,,,,,,,
BothersFriendsRisk,,,,1,,,,,,,,
TimeRiskyFriend,,,,1,,,,,,,1,
TimeCarefulFriend,,,,1,,,,,,,1,
WishFriendsCareful,,,,1,,,,,,,,
FriendsConflict,,,,1,,,,,,,,
EnjoyHelpFriends,,,,1,,,,,,,,
BothersHouseRisk,,,,1,,,,,,,,
WishHouseCareful,,,,1,,,,,,,,
HouseConflict,,,,1,,,,,,,,
RiskBehaviorComposite,,,,1,,,,,,,,
CFC.Future,,,,1,,1,,1,,1,,
CFC.Immediate,,,,1,,1,,1,,1,,
CFC.Composite,,,,1,,1,,1,,1,,
PostVaccineBehavior1,,,,,1,,,,,,,
PostVaccineBehavior2,,,,,1,,,,,,,
PostVaccineBehavior3,,,,,1,,,,,,,
PostVaccineBehavior4,,,,,1,,,,,,,
PostVaccineBehavior5,,,,,1,,,,,,,
PostVaccineBehavior6,,,,,1,,,,,,,
MaskDem,,,,,1,,,,,,,
MaskRep,,,,,1,,,,,,,
MaskDemAffiliate,,,,,1,,,,,,,
MaskRepAffiliate,,,,,1,,,,,,,
Reactance1,,,,,1,,,,,,,
Reactance2,,,,,1,,,,,,,
Reactance3,,,,,1,,,,,,,
Reactance4,,,,,1,,,,,,,
Entitlement1,,,,,1,,,,,,,
Entitlement2,,,,,1,,,,,,,
Entitlement3,,,,,1,,,,,,,
Entitlement4,,,,,1,,,,,,,
Entitlement5,,,,,1,,,,,,,
Entitlement6,,,,,1,,,,,,,
Entitlement7,,,,,1,,,,,,,
Entitlement8,,,,,1,,,,,,,
Entitlement9,,,,,1,,,,,,,
HowMuchSleep,,,,,1,,,,,,,
HourSleep,,,,,1,,,,,,,
QualitySleep,,,,,1,,,,,,,
SleepExperiences1,,,,,1,,,,,,,
SleepExperiences2,,,,,1,,,,,,,
SleepExperiences3,,,,,1,,,,,,,
SleepExperiences4,,,,,1,,,,,,,
SleepExperiences5,,,,,1,,,,,,,
SleepExperiences6,,,,,1,,,,,,,
SleepExperiences7,,,,,1,,,,,,,
HowFastYear,,,,,1,,,,,,,
NewPandemic,,,,,1,,,,,,,
TimeTilNewPandemic,,,,,1,,,,,,,
PandemicExtinction,,,,,1,,,,,,,
GovernmentPandemic,,,,,1,,,,,,,
IndividualPandemic,,,,,1,,,,,,,
CausesExtinction1,,,,,1,,,,,,,
CausesExtinction2,,,,,1,,,,,,,
CausesExtinction3,,,,,1,,,,,,,
CausesExtinction4,,,,,1,,,,,,,
CausesExtinction5,,,,,1,,,,,,,
CausesExtinction6,,,,,1,,,,,,,
CausesExtinction8,,,,,1,,1,,,,,
CausesExtinction9,,,,,1,,,,,,,
CausesExtinction10,,,,,1,,,,,,,
ReactanceComposite,,,,,1,,,,,,,
EntitlementComposite,,,,,1,,,,,,,
powerrespect,,,,,1,,,,,,,
AloneTime,,,,,,1,,,,,,
AloneTimeSatisfied,,,,,,1,,,,,,
Big5.1,,,,,,,1,,,,,
Big5.2,,,,,,,1,,,,,
Big5.3,,,,,,,1,,,,,
Big5.4,,,,,,,1,,,,,
Big5.5,,,,,,,1,,,,,
Big5.6,,,,,,,1,,,,,
Big5.7,,,,,,,1,,,,,
Big5.8,,,,,,,1,,,,,
Big5.9,,,,,,,1,,,,,
Big5.10,,,,,,,1,,,,,
Big5.11,,,,,,,1,,,,,
Big5.12,,,,,,,1,,,,,
Big5.13,,,,,,,1,,,,,
Big5.14,,,,,,,1,,,,,
Big5.15,,,,,,,1,,,,,
Big5.16,,,,,,,1,,,,,
Big5.17,,,,,,,1,,,,,
Big5.18,,,,,,,1,,,,,
Big5.19,,,,,,,1,,,,,
Big5.20,,,,,,,1,,,,,
GreenSettings,,,,,,,1,,,,,
OutdoorRec,,,,,,,1,,,,,
b5_extroversion,,,,,,,1,,,,,
b5_agreeable,,,,,,,1,,,,,
b5_conscientious,,,,,,,1,,,,,
b5_negemotion,,,,,,,1,,,,,
b5_openness,,,,,,,1,,,,,
t2,,,,,,,1,,,,,
t3,,,,,,,1,,,,,
t4,,,,,,,1,,,,,
t5,,,,,,,1,,,,,
t6,,,,,,,1,,,,,
total_to_t6,,,,,,,1,,,,,
Feet,,,,,,,,1,1,,,
Inches,,,,,,,,1,1,,,
Weight,,,,,,,,1,1,,,
DescriptiveLearning1,,,,,,,,1,,,,
DescriptiveLearning2,,,,,,,,1,,,,
DescriptiveLearning3,,,,,,,,1,,,,
DescriptiveLearning4,,,,,,,,1,,,,
InjunctiveLearning1,,,,,,,,1,,,,
InjunctiveLearning2,,,,,,,,1,,,,
InjunctiveLearning3,,,,,,,,1,,,,
InjunctiveLearning4,,,,,,,,1,,,,
VaccineLocalArea,,,,,,,,1,1,1,1,1
VaccineLocalRightThing,,,,,,,,1,1,1,1,1
DecisionMask1,,,,,,,,1,1,,,
DecisionMask2,,,,,,,,1,1,,,
DecisionMask3,,,,,,,,1,1,,,
DecisionMask4,,,,,,,,1,1,,,
NormDisagreement1,,,,,,,,1,,,,
NormDisagreement2,,,,,,,,1,,,,
NormDisagreement3,,,,,,,,1,,,,
PostVaccineActivity1,,,,,,,,1,,,,
PostVaccineActivity2,,,,,,,,1,,,,
PostVaccineActivity3,,,,,,,,1,,,,
PostVaccineActivity4,,,,,,,,1,,,,
PostVaccineActivity5,,,,,,,,1,,,,
PostVaccineActivity6,,,,,,,,1,,,,
PostVaccineActivity7,,,,,,,,1,,,,
PostVaccineActivity8,,,,,,,,1,,,,
PostVaccineActivity9,,,,,,,,1,,,,
PostVaccineActivity10,,,,,,,,1,,,,
PostVaccineActivity11,,,,,,,,1,,,,
PostVaccineActivity12,,,,,,,,1,,,,
PostVaccineActivity13,,,,,,,,1,,,,
PostVaccineActivity14,,,,,,,,1,,,,
PostVaccineActivity15,,,,,,,,1,,,,
PostVaccineActivity16,,,,,,,,1,,,,
CDCguidelines1,,,,,,,,1,,,,
CDCguidelines2,,,,,,,,1,,,,
CDCguidelines3,,,,,,,,1,,,,
CDCguidelines4,,,,,,,,1,,,,
CDCpostVaccine,,,,,,,,1,,,,
EffortLive,,,,,,,,1,,1,,1
NoEffortLive,,,,,,,,1,,1,,1
LifeExpectancy,,,,,,,,1,,1,,
Bored1,,,,,,,,1,,,,
Bored2,,,,,,,,1,,,,
Bored3,,,,,,,,1,,,,
OftenUncertain1,,,,,,,,1,,,,
OftenUncertain2,,,,,,,,1,,,,
OftenUncertain3,,,,,,,,1,,,,
QAnon1,,,,,,,,1,1,1,1,1
QAnon2,,,,,,,,1,1,1,1,1
QAnon3,,,,,,,,1,1,1,1,1
FeetToInches,,,,,,,,1,1,,,
InchesTotal,,,,,,,,1,1,,,
Height,,,,,,,,1,1,,,
WorkHome,,,,,,,,,1,,,
ConcernAlterDNA,,,,,,,,,1,,,
ThinkVaccinated,,,,,,,,,1,,,
VaccineAttitudes1,,,,,,,,,1,,,
VaccineAttitudes2,,,,,,,,,1,,,
VaccineAttitudes3,,,,,,,,,1,,,
VaccineAttitudes4,,,,,,,,,1,,,
MaskToComply,,,,,,,,,1,1,,
Mortality1,,,,,,,,,1,,,
Mortality2,,,,,,,,,1,,,
Mortality3,,,,,,,,,1,,,
Mortality4,,,,,,,,,1,,,
Mortality5,,,,,,,,,1,,,
Mortality6,,,,,,,,,1,,,
Mortality7,,,,,,,,,1,,,
Mortality8,,,,,,,,,1,,,
VaccineWork,,,,,,,,,,1,,
VaccineEncouraged,,,,,,,,,,1,,
Caregiving,,,,,,,,,,1,,
Vaccine4Care,,,,,,,,,,1,,
VaccineChild,,,,,,,,,,1,,
MaskMandate,,,,,,,,,,1,,
VaccineStatus,,,,,,,,,,1,,
MaskMandates1,,,,,,,,,,1,,
MaskMandates2,,,,,,,,,,1,,
MaskMandates3,,,,,,,,,,1,,
StudyVSdowntime,,,,,,,,,,1,,
Agency1,,,,,,,,,,1,,
Agency2,,,,,,,,,,1,,
Agency3,,,,,,,,,,1,,
Agency4,,,,,,,,,,1,,
Agency5,,,,,,,,,,1,,
Agency6,,,,,,,,,,1,,
Agency7,,,,,,,,,,1,,
Agency8,,,,,,,,,,1,,
Agency9,,,,,,,,,,1,,
Agency10,,,,,,,,,,1,,
Agency11,,,,,,,,,,1,,
Agency12,,,,,,,,,,1,,
Agency13,,,,,,,,,,1,,
PositiveRightNow1,,,,,,,,,,1,1,
PositiveRightNow2,,,,,,,,,,1,1,
PositiveLife1,,,,,,,,,,1,,
PositiveLife2,,,,,,,,,,1,,
PositiveLife3,,,,,,,,,,1,,
PositiveLife4,,,,,,,,,,1,,
PositiveLife5,,,,,,,,,,1,,
PositiveLife6,,,,,,,,,,1,,
PositiveWorld1,,,,,,,,,,1,,
PositiveWorld2,,,,,,,,,,1,,
PositiveWorld3,,,,,,,,,,1,,
PositiveWorld4,,,,,,,,,,1,,
PositiveWorld5,,,,,,,,,,1,,
PositiveWorld6,,,,,,,,,,1,,
PositiveWorld8,,,,,,,,,,1,,
PositiveWorld9,,,,,,,,,,1,,
SoPA,,,,,,,,,,1,,
SoNA,,,,,,,,,,1,,
CurrentHrlyWrk,,,,,,,,,,,1,
HrlyWrkMonthAgo,,,,,,,,,,,1,
NoMaskOutPoliOri,,,,,,,,,,,1,
NoMaskOutVacc,,,,,,,,,,,1,
MaskOutPoliOri,,,,,,,,,,,1,
MaskOutVacc,,,,,,,,,,,1,
NoMaskInPoliOri,,,,,,,,,,,1,
NoMaskInVacc,,,,,,,,,,,1,
MaskInPoliOri,,,,,,,,,,,1,
MaskInVacc,,,,,,,,,,,1,
OthersJudgeMask,,,,,,,,,,,1,
JudgeWearMask,,,,,,,,,,,1,
PositiveLifePast1,,,,,,,,,,,1,
PositiveLifePast2,,,,,,,,,,,1,
PositiveLifePast3,,,,,,,,,,,1,
PositiveLifePast4,,,,,,,,,,,1,
PositiveLifePast5,,,,,,,,,,,1,
PositiveWorldPast1,,,,,,,,,,,1,
PositiveWorldPast2,,,,,,,,,,,1,
PositiveWorldPast3,,,,,,,,,,,1,
PositiveWorldPast4,,,,,,,,,,,1,
PositiveWorldPast5,,,,,,,,,,,1,
PositiveWorldPast6,,,,,,,,,,,1,
PositiveWorldPast7,,,,,,,,,,,1,
PositiveWorldPast8,,,,,,,,,,,1,
LifeOrientation1,,,,,,,,,,,1,
LifeOrientation2,,,,,,,,,,,1,
LifeOrientation3,,,,,,,,,,,1,
LifeOrientation4,,,,,,,,,,,1,
LifeOrientation5,,,,,,,,,,,1,
LifeOrientation6,,,,,,,,,,,1,
Loneliness1,,,,,,,,,,,1,
Loneliness2,,,,,,,,,,,1,
Loneliness3,,,,,,,,,,,1,
Loneliness4,,,,,,,,,,,1,
Loneliness5,,,,,,,,,,,1,
Loneliness6,,,,,,,,,,,1,
Loneliness7,,,,,,,,,,,1,
Loneliness8,,,,,,,,,,,1,
Loneliness9,,,,,,,,,,,1,
Loneliness10,,,,,,,,,,,1,
Loneliness11,,,,,,,,,,,1,
Loneliness12,,,,,,,,,,,1,
Loneliness13,,,,,,,,,,,1,
Loneliness14,,,,,,,,,,,1,
Loneliness15,,,,,,,,,,,1,
Loneliness16,,,,,,,,,,,1,
Loneliness17,,,,,,,,,,,1,
Loneliness18,,,,,,,,,,,1,
Loneliness19,,,,,,,,,,,1,
Loneliness20,,,,,,,,,,,1,
FriendsRisks1,,,,,,,,,,,1,
FriendsRisks2,,,,,,,,,,,1,
FriendsRisks3,,,,,,,,,,,1,
FriendsRisks4,,,,,,,,,,,1,
FriendsRisks5,,,,,,,,,,,1,
FriendsRisks6,,,,,,,,,,,1,
FriendsRisks7,,,,,,,,,,,1,
ContactFriends,,,,,,,,,,,1,
PanWorseFriends,,,,,,,,,,,1,
PanBetterFriends,,,,,,,,,,,1,
SatisfiedFriends,,,,,,,,,,,1,
LifeOrientation,,,,,,,,,,,1,
Loneliness,,,,,,,,,,,1,
Closure1,,,,,,,,,,,,1
Closure2,,,,,,,,,,,,1
Closure3,,,,,,,,,,,,1
Closure4,,,,,,,,,,,,1
Closure5,,,,,,,,,,,,1
Closure6,,,,,,,,,,,,1
Closure7,,,,,,,,,,,,1
Closure8,,,,,,,,,,,,1
Closure9,,,,,,,,,,,,1
Closure10,,,,,,,,,,,,1
Closure11,,,,,,,,,,,,1
Closure12,,,,,,,,,,,,1
Closure13,,,,,,,,,,,,1
Closure14,,,,,,,,,,,,1
Closure15,,,,,,,,,,,,1
OptimisticEvent,,,,,,,,,,,,1
TimeToEventYears,,,,,,,,,,,,1
TimeToEventMonths,,,,,,,,,,,,1
TimeToEventWeeks,,,,,,,,,,,,1
TimeToEventDays,,,,,,,,,,,,1
Closure,,,,,,,,,,,,1
