Context,node1,node2,node3,node4,node5,node6,node7,node8,node9,node10,node11,node12
1,Heboric,Duiker,Felisin,Baudin,,,,,,,,
1,Felisin,Baudin,,,,,,,,,,
2,Heboric,,,,,,,,,,,
3,Heboric,Worldbuilding,,,,,,,,,,
4,Felisin,Tavore,,,,,,,,,,
5,Laseen,Tavore,Heboric,,,,,,,,,
5,Heboric,Baudin,Felisin,,,,,,,,,
5,Baudin,Felisin,,,,,,,,,,
6,Mappo,Icarium,Rhyllandaras,,,,,,,,,
6,Icarium,Rhyllandaras,,,,,,,,,,
7,Duiker,Coltaine,Dujek,,,,,,,,,
7,Coltaine,Dujek,,,,,,,,,,
8,Kalam,Fiddler,Crokus,Apsalar,Laseen,Quick,,,,,,
8,Fiddler,Crokus,Apsalar,,,,,,,,,
8,Crokus,Apsalar,,,,,,,,,,
9,Kalam,Quick,Apsalar,,,,,,,,,
9,Quick,Apsalar,,,,,,,,,,
10,Fiddler,Kalam,Crokus,Apsalar,,,,,,,,
10,Kalam,Crokus,Apsalar,,,,,,,,,
10,Crokus,Apsalar,,,,,,,,,,
11,Duiker,Sormo,Dryjhna,,,,,,,,,
11,Sormo,Dryjhna,,,,,,,,,,
12,Duiker,Coltaine,Bult,Mallick,Kulp,Sormo,Pormqual,Dujek,,,,
12,Coltaine,Bult,Mallick,Kulp,Sormo,Pormqual,Dujek,,,,,
12,Bult,Mallick,Kulp,Sormo,Pormqual,Dujek,,,,,,
12,Mallick,Kulp,Sormo,Pormqual,,,,,,,,
12,Kulp,Sormo,,,,,,,,,,
13,Bult,Sormo,Kulp,,,,,,,,,
13,Sormo,Kulp,,,,,,,,,,
14,Bult,Laseen,Worldbuilding,Duiker,Cartheron,,,,,,,
14,Laseen,Worldbuilding,Duiker,Cartheron,,,,,,,,
14,Worldbuilding,Cartheron,,,,,,,,,,
15,Fiddler,Kimloc,,,,,,,,,,
16,Worldbuilding,Icarium,Mappo,Sormo,Kimloc,,,,,,,
17,Duiker,Kalam,Fiddler,,,,,,,,,
17,Kalam,Fiddler,,,,,,,,,,
18,Kalam,Dryjhna,Shaik,Lostara,,,,,,,,
18,Dryjhna,Shaik,Lostara,,,,,,,,,
18,Shaik,Lostara,,,,,,,,,,
19,Icarium,Mappo,Messremb,Rhyllandaras,,,,,,,,
19,Mappo,Messremb,Rhyllandaras,,,,,,,,,
19,Messremb,Rhyllandaras,,,,,,,,,,
20,Icarium,Mappo,Iskaral,Rellock,,,,,,,,
20,Mappo,Iskaral,Rellock,,,,,,,,,
20,Iskaral,Rellock,Shadowthrone,,,,,,,,,
20,Rellock,Shadowthrone,,,,,,,,,,
21,Worldbuilding,Kalam,Fiddler,Icarium,Mappo,,,,,,,
22,Felisin,Heboric,Baudin,Beneth,,,,,,,,
22,Heboric,Baudin,Beneth,,,,,,,,,
22,Baudin,Beneth,,,,,,,,,,
23,Worldbuilding,Lostara,Fiddler,Kulp,Shaik,,,,,,,
24,Coltaine,,,,,,,,,,,
25,Felisin,Heboric,Baudin,Beneth,Sawark,,,,,,,
25,Heboric,Baudin,Beneth,Sawark,,,,,,,,
25,Baudin,Beneth,Sawark,,,,,,,,,
25,Beneth,Sawark,,,,,,,,,,
26,Worldbuilding,Nameless,Icarium,Mappo,Iskaral,,,,,,,
26,Icarium,Mappo,Iskaral,Nameless,,,,,,,,
26,Mappo,Iskaral,Nameless,,,,,,,,,
27,Pella,Beneth,Sawark,,,,,,,,,
27,Beneth,Sawark,,,,,,,,,,
28,Kalam,Lostara,,,,,,,,,,
29,Kalam,,,,,,,,,,,
30,Icarium,Mappo,Iskaral,,,,,,,,,
30,Mappo,Iskaral,,,,,,,,,,
31,Sormo,Duiker,Kulp,Bult,,,,,,,,
31,Duiker,Kulp,Bult,,,,,,,,,
31,Kulp,Bult,,,,,,,,,,
32,Kalam,Fiddler,Laseen,,,,,,,,,
32,Fiddler,Laseen,,,,,,,,,,
33,Crokus,Kalam,Fiddler,Apsalar,Laseen,,,,,,,
33,Kalam,Fiddler,Apsalar,Laseen,,,,,,,,
33,Fiddler,Apsalar,Laseen,,,,,,,,,
33,Apsalar,Laseen,,,,,,,,,,
34,Worldbuilding,Shaik,Dryjhna,,,,,,,,,
34,Shaik,Dryjhna,,,,,,,,,,
35,Worldbuilding,Fiddler,Apsalar,Laseen,,,,,,,,
35,Fiddler,Apsalar,Laseen,Shadowthrone,Cotillion,Crokus,Dassem,,,,,
35,Apsalar,Laseen,Shadowthrone,Cotillion,Crokus,Dassem,,,,,,
35,Laseen,Shadowthrone,Cotillion,Crokus,Dassem,,,,,,,
35,Shadowthrone,Cotillion,Crokus,Dassem,,,,,,,,
35,Cotillion,Crokus,Dassem,,,,,,,,,
35,Crokus,Dassem,,,,,,,,,,
36,Fiddler,Crokus,Apsalar,,,,,,,,,
36,Crokus,Apsalar,,,,,,,,,,
37,Kalam,Toblakai,Shaik,Shadowthrone,Apt,,,,,,,
37,Toblakai,Shaik,,,,,,,,,,
37,Shadowthrone,Apt,Shaik,,,,,,,,,
37,Apt,Shaik,,,,,,,,,,
38,Shaik,Lostara,Toblakai,Leoman,,,,,,,,
38,Lostara,Toblakai,Leoman,Kalam,,,,,,,,
38,Toblakai,Leoman,,,,,,,,,,
39,Felisin,Heboric,Baudin,Beneth,Pella,Duiker,,,,,,
39,Heboric,Baudin,Beneth,Pella,Duiker,,,,,,,
39,Baudin,Beneth,Pella,Duiker,,,,,,,,
39,Pella,Duiker,Beneth,,,,,,,,,
40,Felisin,,,,,,,,,,,
41,Duiker,Kulp,Heboric,Stormy,Gesler,Truth,Coltaine,,,,,
41,Kulp,Heboric,Stormy,Gesler,Truth,,,,,,,
41,Heboric,Stormy,Gesler,Truth,,,,,,,,
41,Stormy,Gesler,Truth,,,,,,,,,
41,Gesler,Truth,,,,,,,,,,
42,Duiker,Coltaine,Kamist,,,,,,,,,
42,Coltaine,Kamist,,,,,,,,,,
43,Felisin,Heboric,Baudin,,,,,,,,,
43,Heboric,Baudin,,,,,,,,,,
44,Heboric,Felisin,Baudin,,,,,,,,,
44,Felisin,Baudin,,,,,,,,,,
45,Fiddler,Crokus,Apsalar,Gryllen,Icarium,Mappo,,,,,,
45,Crokus,Apsalar,Gryllen,Icarium,Mappo,,,,,,,
45,Apsalar,Gryllen,Icarium,Mappo,,,,,,,,
45,Gryllen,Icarium,Mappo,,,,,,,,,
45,Icarium,Mappo,,,,,,,,,,
46,Heboric,,,,,,,,,,,
47,Felisin,Beneth,Baudin,,,,,,,,,
47,Beneth,Baudin,,,,,,,,,,
48,Felisin,Baudin,Heboric,Beneth,,,,,,,,
48,Baudin,Heboric,Beneth,,,,,,,,,
49,Heboric,Kulp,,,,,,,,,,
50,Gesler,Stormy,Truth,,,,,,,,,
50,Stormy,Truth,,,,,,,,,,
51,Kulp,Gesler,Stormy,Truth,Heboric,Baudin,Felisin,,,,,
51,Gesler,Stormy,Truth,Heboric,Baudin,Felisin,,,,,,
51,Stormy,Truth,Heboric,Baudin,Felisin,,,,,,,
51,Truth,Heboric,Baudin,Felisin,,,,,,,,
51,Heboric,Baudin,Felisin,,,,,,,,,
51,Baudin,Felisin,,,,,,,,,,
52,Kulp,Gesler,Stormy,Truth,Heboric,Baudin,Felisin,,,,,
52,Gesler,Stormy,Truth,Heboric,Baudin,Felisin,,,,,,
52,Stormy,Truth,Heboric,Baudin,Felisin,,,,,,,
52,Truth,Heboric,Baudin,Felisin,,,,,,,,
52,Heboric,Baudin,Felisin,,,,,,,,,
52,Baudin,Felisin,,,,,,,,,,
53,Icarium,Mappo,Fiddler,Apsalar,Crokus,Iskaral,,,,,,
53,Mappo,Fiddler,Apsalar,Crokus,Iskaral,,,,,,,
53,Fiddler,Apsalar,Crokus,Iskaral,,,,,,,,
53,Apsalar,Crokus,Iskaral,,,,,,,,,
53,Crokus,Iskaral,,,,,,,,,,
54,Iskaral,Fiddler,Icarium,Mappo,Apsalar,Crokus,,,,,,
54,Worldbuilding,Quick,Fiddler,Shadowthrone,Cotillion,,,,,,,
54,Fiddler,Icarium,Mappo,Apsalar,Crokus,,,,,,,
54,Icarium,Mappo,Apsalar,Crokus,,,,,,,,
54,Mappo,Apsalar,Crokus,,,,,,,,,
54,Apsalar,Crokus,,,,,,,,,,
55,Kalam,Keneb,Minala,Apt,Kamist,Coltaine,Mallick,Korbolo,,,,
55,Keneb,Minala,Apt,Kamist,Coltaine,Mallick,Korbolo,,,,,
55,Minala,Apt,Kamist,Coltaine,Mallick,Korbolo,,,,,,
55,Apt,Kamist,Coltaine,Mallick,Korbolo,,,,,,,
55,Kamist,Coltaine,Mallick,Korbolo,,,,,,,,
55,Coltaine,Mallick,Korbolo,,,,,,,,,
55,Mallick,Korbolo,,,,,,,,,,
56,Kulp,Heboric,Baudin,Felisin,Gesler,Truth,Stormy,,,,,
56,Heboric,Baudin,Felisin,Gesler,Truth,Stormy,,,,,,
56,Baudin,Felisin,Gesler,Truth,Stormy,,,,,,,
56,Felisin,Gesler,Truth,Stormy,,,,,,,,
56,Gesler,Truth,Stormy,,,,,,,,,
56,Truth,Stormy,,,,,,,,,,
57,Duiker,Coltaine,Lull,Sormo,Kamist,,,,,,,
57,Coltaine,Lull,Sormo,Kamist,,,,,,,,
57,Lull,Sormo,Kamist,,,,,,,,,
57,Sormo,Kamist,,,,,,,,,,
58,Coltaine,Duiker,List,Kamist,Semk,,,,,,,
58,Duiker,List,Kamist,Semk,,,,,,,,
58,List,Kamist,Semk,,,,,,,,,
58,Kamist,Semk,,,,,,,,,,
59,Semk,Sormo,Coltaine,Duiker,Nil,Nether,,,,,,
59,Sormo,Coltaine,Duiker,Nil,Nether,,,,,,,
59,Coltaine,Duiker,Nil,Nether,,,,,,,,
59,Duiker,Nil,Nether,,,,,,,,,
59,Nil,Nether,,,,,,,,,,
60,Kulp,Heboric,Baudin,Felisin,Gesler,Stormy,Truth,Olar,,,,
60,Heboric,Baudin,Felisin,Gesler,Stormy,Truth,Olar,,,,,
60,Baudin,Felisin,Gesler,Stormy,Truth,Olar,,,,,,
60,Felisin,Gesler,Stormy,Truth,Olar,,,,,,,
60,Gesler,Stormy,Truth,Olar,,,,,,,,
60,Stormy,Truth,Olar,,,,,,,,,
60,Truth,Olar,,,,,,,,,,
61,Kulp,Heboric,Baudin,Felisin,Gesler,Stormy,Truth,Olar,,,,
61,Heboric,Baudin,Felisin,Gesler,Stormy,Truth,Olar,,,,,
61,Baudin,Felisin,Gesler,Stormy,Truth,Olar,,,,,,
61,Felisin,Gesler,Stormy,Truth,Olar,,,,,,,
61,Gesler,Stormy,Truth,Olar,,,,,,,,
61,Stormy,Truth,Olar,,,,,,,,,
61,Truth,Olar,,,,,,,,,,
62,Kulp,Felisin,Heboric,Baudin,Tavore,,,,,,,
62,Worldbuilding,Laseen,Cotillion,,,,,,,,,
62,Felisin,Heboric,Baudin,Tavore,,,,,,,,
62,Heboric,Baudin,Tavore,,,,,,,,,
62,Baudin,Tavore,,,,,,,,,,
63,Iskaral,Shaik,Icarium,Mappo,Fiddler,Apsalar,Crokus,,,,,
63,Shaik,Icarium,Mappo,Fiddler,Apsalar,Crokus,,,,,,
63,Icarium,Mappo,Fiddler,Apsalar,Crokus,,,,,,,
63,Mappo,Fiddler,Apsalar,Crokus,,,,,,,,
63,Fiddler,Apsalar,Crokus,,,,,,,,,
63,Apsalar,Crokus,,,,,,,,,,
64,Fiddler,Mappo,Icarium,,,,,,,,,
64,Mappo,Icarium,,,,,,,,,,
65,Icarium,Mappo,Rellock,Iskaral,Apsalar,Shaik,Fiddler,Crokus,,,,
65,Mappo,Rellock,Iskaral,Apsalar,Shaik,Fiddler,Crokus,,,,,
65,Rellock,Iskaral,Apsalar,Shaik,Fiddler,Crokus,,,,,,
65,Iskaral,Apsalar,Shaik,Fiddler,Crokus,,,,,,,
65,Apsalar,Shaik,Fiddler,Crokus,,,,,,,,
65,Shaik,Fiddler,Crokus,,,,,,,,,
65,Fiddler,Crokus,,,,,,,,,,
66,Fiddler,Iskaral,Quick,,,,,,,,,
66,Iskaral,Quick,,,,,,,,,,
67,Mappo,,,,,,,,,,,
68,Icarium,Mappo,,,,,,,,,,
69,Iskaral,,,,,,,,,,,
70,Crokus,Apsalar,,,,,,,,,,
71,Kalam,Keneb,Minala,Korbolo,Quick,Lostara,Pearl,,,,,
71,Keneb,Minala,Korbolo,Quick,Lostara,Pearl,,,,,,
71,Minala,Korbolo,Quick,Lostara,Pearl,,,,,,,
71,Korbolo,Quick,Lostara,Pearl,,,,,,,,
71,Quick,Lostara,Pearl,,,,,,,,,
71,Lostara,Pearl,,,,,,,,,,
72,Apt,Shadowthrone,Lostara,Pearl,Kalam,Korbolo,,,,,,
72,Kalam,Shadowthrone,Lostara,Pearl,Korbolo,,,,,,,
72,Lostara,Pearl,,,,,,,,,,
73,Duiker,Shadowthrone,,,,,,,,,,
74,Coltaine,Tithansi,Duiker,Semk,,,,,,,,
74,Tithansi,Duiker,Semk,,,,,,,,,
74,Duiker,Semk,,,,,,,,,,
75,Felisin,Heboric,Kulp,,,,,,,,,
75,Worldbuilding,Heboric,,,,,,,,,,
75,Heboric,Kulp,Olar,,,,,,,,,
76,Worldbuilding,Kalam,,,,,,,,,,
77,Keneb,Icarium,,,,,,,,,,
78,Kalam,Minala,Keneb,,,,,,,,,
78,Minala,Keneb,,,,,,,,,,
79,Duiker,Pearl,Lostara,Semk,Apt,Tithansi,,,,,,
79,Pearl,Lostara,Semk,Apt,Tithansi,,,,,,,
79,Lostara,Semk,Apt,Tithansi,,,,,,,,
79,Semk,Apt,Tithansi,,,,,,,,,
79,Apt,Tithansi,,,,,,,,,,
80,Coltaine,Tithansi,Semk,Kamist,Nil,Nether,Lull,,,,,
80,Tithansi,Semk,Kamist,Nil,Nether,Lull,,,,,,
80,Semk,Kamist,Nil,Nether,Lull,,,,,,,
80,Kamist,Nil,Nether,Lull,,,,,,,,
80,Nil,Nether,Lull,,,,,,,,,
80,Nether,Lull,,,,,,,,,,
81,Duiker,,,,,,,,,,,
82,Worldbuilding,Kalam,Kallor,,,,,,,,,
83,Kalam,Keneb,Minala,,,,,,,,,
83,Keneb,Minala,,,,,,,,,,
84,Kalam,Lostara,Pearl,,,,,,,,,
84,Lostara,Pearl,,,,,,,,,,
85,Felisin,Heboric,Kulp,Gryllen,Messremb,Baudin,,,,,,
85,Heboric,Kulp,Gryllen,Messremb,Baudin,,,,,,,
85,Kulp,Gryllen,Messremb,Baudin,,,,,,,,
85,Gryllen,Messremb,Baudin,,,,,,,,,
85,Messremb,Baudin,,,,,,,,,,
86,Pormqual,Laseen,Kalam,Minala,,,,,,,,
86,Kalam,Minala,,,,,,,,,,
87,Coltaine,Nethpara,,,,,,,,,,
88,Heboric,Toblakai,,,,,,,,,,
89,Shaik,Toblakai,Leoman,Felisin,Heboric,,,,,,,
89,Toblakai,Leoman,Felisin,Heboric,,,,,,,,
89,Leoman,Felisin,Heboric,,,,,,,,,
89,Felisin,Heboric,,,,,,,,,,
90,Fiddler,Crokus,Icarium,Mappo,,,,,,,,
90,Worldbuilding,Icarium,Mappo,,,,,,,,,
90,Crokus,Icarium,Mappo,,,,,,,,,
90,Icarium,Mappo,,,,,,,,,,
91,Nameless,,,,,,,,,,,
92,Crokus,Iskaral,Apsalar,Rellock,,,,,,,,
92,Iskaral,Apsalar,Rellock,,,,,,,,,
92,Apsalar,Rellock,,,,,,,,,,
93,Gesler,Stormy,Truth,Duiker,Nether,Nil,Coltaine,,,,,
93,Stormy,Truth,Duiker,Nether,Nil,Coltaine,,,,,,
93,Truth,Duiker,Nether,Nil,Coltaine,,,,,,,
93,Duiker,Nether,Nil,Coltaine,,,,,,,,
93,Nether,Nil,Coltaine,,,,,,,,,
93,Nil,Coltaine,,,,,,,,,,
94,Toblakai,Leoman,Felisin,Dryjhna,Heboric,,,,,,,
94,Leoman,Felisin,Dryjhna,Heboric,,,,,,,,
94,Felisin,Dryjhna,Heboric,,,,,,,,,
94,Dryjhna,Heboric,,,,,,,,,,
95,Icarium,Mappo,Fiddler,Crokus,Iskaral,Apsalar,Rellock,,,,,
95,Mappo,Fiddler,Crokus,Iskaral,Apsalar,Rellock,,,,,,
95,Fiddler,Crokus,Iskaral,Apsalar,Rellock,,,,,,,
95,Crokus,Iskaral,Apsalar,Rellock,,,,,,,,
95,Iskaral,Apsalar,Rellock,,,,,,,,,
95,Apsalar,Rellock,,,,,,,,,,
96,Icarium,Mappo,Fiddler,Crokus,Iskaral,Apsalar,Rellock,,,,,
96,Mappo,Fiddler,Crokus,Iskaral,Apsalar,Rellock,,,,,,
96,Fiddler,Crokus,Iskaral,Apsalar,Rellock,,,,,,,
96,Crokus,Iskaral,Apsalar,Rellock,,,,,,,,
96,Iskaral,Apsalar,Rellock,,,,,,,,,
96,Apsalar,Rellock,,,,,,,,,,
97,Coltaine,Gesler,Stormy,Truth,,,,,,,,
97,Gesler,Stormy,Truth,,,,,,,,,
97,Stormy,Truth,,,,,,,,,,
98,Kalam,Pearl,,,,,,,,,,
99,Tavore,Kalam,,,,,,,,,,
100,Nameless,Icarium,Mappo,,,,,,,,,
100,Icarium,Mappo,,,,,,,,,,
101,Fiddler,Apsalar,Crokus,Iskaral,Icarium,Mappo,Messremb,,,,,
101,Apsalar,Crokus,Iskaral,Icarium,Mappo,Messremb,,,,,,
101,Crokus,Iskaral,Icarium,Mappo,Messremb,,,,,,,
101,Iskaral,Icarium,Mappo,Messremb,,,,,,,,
101,Icarium,Mappo,Messremb,,,,,,,,,
101,Mappo,Messremb,,,,,,,,,,
102,Felisin,Heboric,Leoman,Toblakai,Dryjhna,Bidithal,Febryl,Loric,,,,
102,Heboric,Leoman,Toblakai,Dryjhna,Bidithal,Febryl,Loric,,,,,
102,Leoman,Toblakai,Dryjhna,Bidithal,Febryl,Loric,,,,,,
102,Toblakai,Dryjhna,Bidithal,Febryl,Loric,,,,,,,
102,Dryjhna,Bidithal,Febryl,Loric,,,,,,,,
102,Bidithal,Febryl,Loric,,,,,,,,,
102,Febryl,Loric,,,,,,,,,,
103,Fiddler,Apsalar,Crokus,Iskaral,Icarium,Mappo,Gryllen,Kimloc,,,,
103,Apsalar,Crokus,Iskaral,Icarium,Mappo,Gryllen,Kimloc,,,,,
103,Crokus,Iskaral,Icarium,Mappo,Gryllen,Kimloc,,,,,,
103,Iskaral,Icarium,Mappo,Gryllen,Kimloc,,,,,,,
103,Icarium,Mappo,Gryllen,Kimloc,,,,,,,,
103,Mappo,Gryllen,Kimloc,,,,,,,,,
103,Gryllen,Kimloc,,,,,,,,,,
104,Coltaine,Korbolo,Nethpara,Sormo,,,,,,,,
104,Korbolo,Nethpara,Sormo,,,,,,,,,
104,Nethpara,Sormo,,,,,,,,,,
105,Kalam,Pearl,Quick,,,,,,,,,
105,Pearl,Quick,,,,,,,,,,
106,List,Duiker,Coltaine,,,,,,,,,
106,Duiker,Coltaine,,,,,,,,,,
107,Coltaine,Quick,Duiker,Laseen,Trygalle,Dujek,,,,,,
107,Quick,Duiker,Laseen,Trygalle,Dujek,,,,,,,
107,Duiker,Laseen,Trygalle,Dujek,,,,,,,,
107,Laseen,Dujek,,,,,,,,,,
108,Coltaine,Korbolo,Khundryl,Semk,Tithansi,,,,,,,
108,Korbolo,Khundryl,Semk,Tithansi,,,,,,,,
108,Khundryl,Semk,Tithansi,,,,,,,,,
109,Crokus,Fiddler,Apsalar,Rellock,Icarium,Mappo,Iskaral,Dassem,,,,
109,Fiddler,Apsalar,Rellock,Icarium,Mappo,Iskaral,Dassem,,,,,
109,Apsalar,Rellock,Icarium,Mappo,Iskaral,Dassem,,,,,,
109,Rellock,Icarium,Mappo,Iskaral,Dassem,,,,,,,
109,Icarium,Mappo,Iskaral,Dassem,,,,,,,,
109,Mappo,Iskaral,Dassem,,,,,,,,,
109,Iskaral,Dassem,,,,,,,,,,
110,Fiddler,Trygalle,Quick,,,,,,,,,
110,Trygalle,Quick,,,,,,,,,,
111,Coltaine,Duiker,Nil,Nether,Korbolo,,,,,,,
111,Duiker,Nil,Nether,Korbolo,,,,,,,,
112,Duiker,Nethpara,,,,,,,,,,
113,Korbolo,Duiker,Keneb,,,,,,,,,
113,Duiker,Keneb,,,,,,,,,,
114,Kalam,Pearl,Laseen,,,,,,,,,
114,Pearl,Laseen,,,,,,,,,,
115,Apt,Shadowthrone,Cotillion,,,,,,,,,
115,Shadowthrone,Cotillion,,,,,,,,,,
116,Apt,Cotillion,Kalam,Pearl,,,,,,,,
116,Cotillion,Kalam,Pearl,,,,,,,,,
116,Kalam,Pearl,,,,,,,,,,
117,Minala,Kalam,,,,,,,,,,
118,Pearl,Apt,Cartheron,,,,,,,,,
118,Apt,Cartheron,,,,,,,,,,
119,Duiker,Nil,Nether,Pormqual,Mallick,Blistig,Coltaine,Korbolo,List,Lull,Bult,Kamist
119,Nil,Nether,Pormqual,Mallick,Blistig,Coltaine,Korbolo,List,Lull,Bult,Kamist,
119,Nether,Pormqual,Mallick,Blistig,Coltaine,Korbolo,List,Lull,Bult,Kamist,,
119,Pormqual,Mallick,Blistig,Coltaine,Korbolo,List,Lull,Bult,Kamist,,,
119,Mallick,Blistig,Coltaine,Korbolo,List,Lull,Bult,Kamist,,,,
119,Blistig,Coltaine,Korbolo,List,Lull,Bult,Kamist,,,,,
119,Coltaine,Korbolo,List,Lull,Bult,Kamist,,,,,,
119,Korbolo,List,Lull,Bult,Kamist,,,,,,,
119,List,Lull,Bult,,,,,,,,,
119,Lull,Bult,,,,,,,,,,
120,Kalam,Topper,,,,,,,,,,
121,Fiddler,Apsalar,Crokus,Rellock,Iskaral,Icarium,Mappo,,,,,
121,Apsalar,Crokus,Rellock,Iskaral,Icarium,Mappo,,,,,,
121,Crokus,Rellock,Iskaral,Icarium,Mappo,,,,,,,
121,Rellock,Iskaral,Icarium,Mappo,,,,,,,,
121,Iskaral,Icarium,Mappo,,,,,,,,,
121,Icarium,Mappo,,,,,,,,,,
122,Nethpara,Korbolo,Coltaine,Duiker,Blistig,Pormqual,,,,,,
122,Korbolo,Coltaine,Duiker,Pormqual,,,,,,,,
122,Coltaine,Duiker,Pormqual,,,,,,,,,
122,Duiker,Pormqual,,,,,,,,,,
123,Mallick,Pormqual,Korbolo,Duiker,Keneb,Blistig,,,,,,
123,Pormqual,Korbolo,Duiker,Keneb,Blistig,,,,,,,
123,Korbolo,Duiker,Keneb,Blistig,,,,,,,,
123,Duiker,Keneb,Blistig,,,,,,,,,
123,Keneb,Blistig,,,,,,,,,,
124,Kalam,Minala,,,,,,,,,,
125,Fiddler,Crokus,Apsalar,Rellock,Gothos,Icarium,Nameless,Mappo,,,,
125,Crokus,Apsalar,Rellock,Gothos,Icarium,Nameless,Mappo,,,,,
125,Apsalar,Rellock,Gothos,Icarium,Nameless,Mappo,,,,,,
125,Rellock,Gothos,Icarium,Nameless,Mappo,,,,,,,
125,Gothos,Icarium,Nameless,Mappo,,,,,,,,
125,Icarium,Nameless,Mappo,,,,,,,,,
125,Nameless,Mappo,,,,,,,,,,
126,Kalam,Laseen,Dujek,Shadowthrone,Cotillion,Dassem,Apsalar,Topper,,,,
126,Laseen,Dujek,Shadowthrone,Cotillion,Dassem,Apsalar,Topper,,,,,
127,Kalam,Fiddler,Crokus,Apsalar,Minala,Rellock,Apt,Shadowthrone,,,,
127,Fiddler,Crokus,Apsalar,Minala,Rellock,Apt,Shadowthrone,,,,,
127,Crokus,Apsalar,Minala,Rellock,Apt,Shadowthrone,,,,,,
127,Apsalar,Minala,Rellock,Apt,Shadowthrone,,,,,,,
127,Minala,Rellock,Apt,Shadowthrone,,,,,,,,
127,Rellock,Apt,Shadowthrone,,,,,,,,,
127,Apt,Shadowthrone,,,,,,,,,,
128,Felisin,Korbolo,,,,,,,,,,
129,Tavore,Blistig,Keneb,,,,,,,,,
129,Blistig,Keneb,,,,,,,,,,
130,Gesler,Stormy,Truth,Mappo,,,,,,,,
130,Mappo,Icarium,Stormy,Truth,,,,,,,,
130,Stormy,Truth,,,,,,,,,,
131,Iskaral,Mogora,Olar,,,,,,,,,
131,Mogora,Olar,,,,,,,,,,
132,Coltaine,,,,,,,,,,,
