Name,09/26/2020,10/27/2020,11/28/2020,12/28/2020,01/27/2021,02/26/2021,03/28/2021,04/27/2021,05/27/2021,06/26/2021,07/26/2021,08/25/2021,10/25/2021,12/16/2021,02/24/2022,04/25/2022,06/24/2022,08/29/2022
Age,1,1,1,1,1,1,1,1,1,1,1,1,1,1,1,1,1,1
Sex,1,1,1,1,1,1,1,1,1,1,,,,,,,,
Children,1,1,1,1,1,1,1,1,1,1,,,,,,,,
ChildrenUnder18,1,1,1,1,1,1,1,1,1,1,,,,,,,,
Education,1,1,1,1,1,1,1,1,1,1,,,,,,,,
SSES,1,,,,,1,,,,,,1,,,1,,,1
OccupationRisk,1,1,1,1,1,1,1,1,1,1,,,,,,,,
MoveChildhood,1,,,,,,,,,,,,,,,,,
Move,1,,,,,,,,,,,,,,,,,
NumberInHouse,1,,,,,,,,,,,,,,,,,
Preexisting,1,,,,,,,,,,,,,,,,,
Citizen,1,1,1,1,1,1,1,1,1,1,1,1,1,1,1,1,,1
Responsible,,1,,,,,,,,,,,,,,,,
PFINeigh1,1,1,1,1,1,1,1,1,1,1,1,1,1,1,1,1,1,1
PFINeigh2,1,1,1,1,1,1,1,1,1,1,1,1,1,1,1,1,1,1
PFINeigh3,1,1,1,1,1,1,1,1,1,1,1,1,1,1,1,1,1,1
PFINeigh4,1,1,1,1,1,1,1,1,1,1,1,1,1,1,1,1,1,1
PFINeigh5,1,1,1,1,1,1,1,1,1,1,1,1,1,1,1,1,1,1
PFINeigh6,1,1,1,1,1,1,1,1,1,1,1,1,1,1,1,1,1,1
WillingnessNeigh,1,1,1,1,1,1,1,1,1,1,1,1,1,1,1,1,1,1
NBTneigh,1,1,1,1,1,1,1,1,1,1,1,1,1,1,1,1,1,1
PFIcountry1,1,1,1,1,1,1,1,1,1,1,1,1,1,1,1,1,1,1
PFIcountry2,1,1,1,1,1,1,1,1,1,1,1,1,1,1,1,1,1,1
PFIcountry3,1,1,1,1,1,1,1,1,1,1,1,1,1,1,1,1,1,1
PFIcountry4,1,1,1,1,1,1,1,1,1,1,1,1,1,1,1,1,1,1
PFIcountry5,1,1,1,1,1,1,1,1,1,1,1,1,1,1,1,1,1,1
PFIcountry6,1,1,1,1,1,1,1,1,1,1,1,1,1,1,1,1,1,1
WillingnessCountry,1,1,1,1,1,1,1,1,1,1,1,1,1,1,1,1,1,1
NBTcountry,1,1,1,1,1,1,1,1,1,1,1,1,1,1,1,1,1,1
InfectedCovid,1,1,1,1,1,1,1,1,1,1,1,1,1,1,1,1,1,1
TestedCovid,1,1,1,1,1,1,1,1,1,1,1,1,1,1,1,1,1,1
WeekSinceCovid,1,1,1,1,1,1,1,1,1,1,1,1,1,1,1,1,1,1
TimesHadCovid,,,,,,,,,,,,,,,,1,1,1
Symptoms1,1,1,1,1,1,1,1,1,1,1,1,1,1,1,1,,,
Symptoms2,1,1,1,1,1,1,1,1,1,1,1,1,1,1,1,,,
Symptoms3,1,1,1,1,1,1,1,1,1,1,1,1,1,1,1,,,
Symptoms4,1,1,1,1,1,1,1,1,1,1,1,1,1,1,1,,,
Symptoms5,1,1,1,1,1,1,1,1,1,1,1,1,1,1,1,,,
Symptoms6,1,1,1,1,1,1,1,1,1,1,1,1,1,1,1,,,
Symptoms7,1,1,1,1,1,1,1,1,1,1,1,1,1,1,1,,,
Symptoms8,1,1,1,1,1,1,1,1,1,1,1,1,1,1,1,,,
Symptoms9,1,1,1,1,1,1,1,1,1,1,1,1,1,1,1,,,
Symptoms10,1,1,1,1,1,1,1,1,1,1,1,1,1,1,1,,,
Symptoms11,1,1,1,1,1,1,1,1,1,1,1,1,1,1,1,,,
Symptoms12,,1,1,1,1,1,1,1,1,1,1,1,1,1,1,,,
Symptoms13,,1,1,1,1,1,1,1,1,1,1,1,1,1,1,,,
ContactsInfected,1,1,1,1,1,1,1,1,1,1,1,1,1,1,1,1,1,1
Contacts24hrs,1,1,1,1,1,1,1,1,1,1,1,1,1,1,1,1,1,1
Contacts7days,,1,1,1,1,1,1,1,1,1,1,1,1,1,1,1,1,1
ContactsMask,1,1,1,1,1,1,1,1,1,1,1,1,1,1,1,1,1,1
HouseMask,1,1,1,1,1,1,1,1,1,1,1,1,1,1,1,1,1,1
Stress,1,1,1,1,1,1,1,1,1,1,1,1,1,1,1,1,1,1
PerceptionRisk,1,1,1,1,1,1,1,1,1,1,1,1,1,1,1,1,1,1
InfectionSeverity,1,1,1,1,1,1,1,1,1,1,1,1,1,1,1,1,1,1
ConcernCovid,1,1,1,1,1,1,1,1,1,1,1,1,1,1,1,1,1,1
EconomyVSshutdown,1,1,,,,,,,,,,,,,,,,
HelpGiven1,1,1,1,1,1,1,1,1,1,1,1,1,1,,1,,,1
HelpGiven2,1,1,1,1,1,1,1,1,1,1,1,1,1,,1,,,1
HelpGiven3,1,1,1,1,1,1,1,1,1,1,1,1,1,,1,,,1
HelpGiven4,1,1,1,1,1,1,1,1,1,1,1,1,1,,1,,,1
HelpGiven5,1,1,1,1,1,1,1,1,1,1,1,1,1,,1,,,1
HelpGiven6,1,1,1,1,1,1,1,1,1,1,1,1,1,,1,,,1
ReasonHelp,,,1,1,1,1,1,1,1,1,1,1,1,,1,,,1
PersonHelped,,,1,1,1,1,1,1,1,1,1,1,1,,1,,,1
EmpathyState1,1,1,1,1,1,1,1,1,1,1,1,1,1,,1,,,1
EmpathyState2,1,1,1,1,1,1,1,1,1,1,1,1,1,,1,,,1
EmpathyState3,1,1,1,1,1,1,1,1,1,1,1,1,1,,1,,,1
EmpathyState4,1,1,1,1,1,1,1,1,1,1,1,1,1,,1,,,1
TimeSinceHelp,1,1,1,1,1,1,1,1,1,1,1,1,1,,1,,,1
HelpReceived1,1,1,1,1,1,1,1,1,1,1,1,1,1,,1,,,1
HelpReceived2,1,1,1,1,1,1,1,1,1,1,1,1,1,,1,,,1
HelpReceived3,1,1,1,1,1,1,1,1,1,1,1,1,1,,1,,,1
HelpReceived4,1,1,1,1,1,1,1,1,1,1,1,1,1,,1,,,1
HelpReceived5,1,1,1,1,1,1,1,1,1,1,1,1,1,,1,,,1
HelpReceived6,1,1,1,1,1,1,1,1,1,1,1,1,1,,1,,,1
Predictability1,1,,,,,,,,,,,,,,,,,
Predictability2,1,,,,,,,,,,,,,,,,,
Predictability3,1,,,,,,,,,,,,,,,,,
Predictability4,1,,,,,,,,,,,,,,,,,
Predictability5,1,,,,,,,,,,,,,,,,,
Predictability6,1,,,,,,,,,,,,,,,,,
Predictability7,1,,,,,,,,,,,,,,,,,
Expectation1,1,,,,,,,,,,,,,,,,,
Expectation2,1,,,,,,,,,,,,,,,,,
Expectation3,1,,,,,,,,,,,,,,,,,
Expectation4,1,,,,,,,,,,,,,,,,,
Expectation5,1,,,,,,,,,,,,,,,,,
Expectation6,1,,,,,,,,,,,,,,,,,
Expectation7,1,,,,,,,,,,,,,,,,,
Challenges1,1,,,,,,,,,,,1,,,,,,
Challenges2,1,,,,,,,,,,,1,,,,,,
Challenges3,1,,,,,,,,,,,1,,,,,,
Challenges4,1,,,,,,,,,,,1,,,,,,
Challenges5,1,,,,,,,,,,,1,,,,,,
Challenges6,1,,,,,,,,,,,1,,,,,,
IRIconcern1,1,,,,,,,,,,,1,,,1,,,1
IRIconcern2,1,,,,,,,,,,,1,,,1,,,1
IRIconcern3,1,,,,,,,,,,,1,,,1,,,1
IRIconcern4,1,,,,,,,,,,,1,,,1,,,1
IRIconcern5,1,,,,,,,,,,,1,,,1,,,1
IRIconcern6,1,,,,,,,,,,,1,,,1,,,1
IRIdistress1,1,,,,,,,,,,,1,,,1,,,1
IRIdistress2,1,,,,,,,,,,,1,,,1,,,1
IRIdistress3,1,,,,,,,,,,,1,,,1,,,1
IRIdistress4,1,,,,,,,,,,,1,,,1,,,1
IRIdistress5,1,,,,,,,,,,,1,,,1,,,1
IRIdistress6,1,,,,,,,,,,,1,,,1,,,1
IRIdistress7,1,,,,,,,,,,,1,,,1,,,1
CovidVolunteer,1,,,,,,,,,,,,,,,,,
TimeSpentOthers,1,1,1,1,1,1,1,1,1,1,1,1,1,1,1,1,1,1
MoneyDonated,1,1,1,1,1,1,1,1,1,1,1,1,1,1,1,1,1,1
PresentVfuture1,,,1,,,1,,1,,,,,,,,,,
PresentVfuture2,,,1,,,1,,1,,,,,,,,,,
PresentVfuture3,,,1,,,,,,,,,,,,,,,
PresentVfuture4,,,1,,,1,,1,,,,,,,,,,
FutureImportant,,,1,,,1,,1,,,,,,,,,,
PresentImportant,,,1,,,,,,,,,,,,,,,
Back2Normal,1,1,1,1,1,1,1,1,1,1,1,1,1,1,1,1,1,1
ElectionBck2Normal,1,1,,,,,,,,,,,,,,,,
ConditionsChange,1,1,1,1,1,1,1,1,1,1,1,1,1,1,1,1,1,1
Vaccine,1,1,1,1,1,1,1,1,1,1,1,1,1,,,,,
TrustVaccine,1,1,1,1,1,1,1,1,1,1,1,1,1,,,,,
USvaccine,,,1,1,1,1,1,1,1,1,1,1,1,,,,,
ReceiveVaccine,,,,,1,1,,,,,,,,,,,,
VaccineHealth,,,,,1,,,,,,,,,,,,,
VaccineOtherHealth,,,,,1,,,,,,,,,,,,,
VaccineSafety1,,,,,1,1,,,,,,,,,,,,
VaccineSafety2,,,,,1,1,,,,,,,,,,,,
VaccineSafety3,,,,,1,1,,,,,,,,,,,,
VaccineTV,,,,,1,,,,,,,,,,,,,
VaccinePeers,,,,,1,,,,,,,,,,,,,
AfterVaccineNormal,,,,,1,,,,,,,,,,,,,
VaccineRisk1,,,,,1,,,,,,,,,,,,,
VaccineRisk2,,,,,1,,,,,,,,,,,,,
VaccineUSRightThing,,,,,,1,,1,1,1,1,1,,,,,,
TimeToVaccine,,,1,1,1,1,1,1,1,1,1,1,1,,,,,
FinancialHardship,1,1,1,,1,,1,,1,,1,1,1,1,1,1,1,1
CFCset1.1,1,,1,,1,,1,,1,,,,,,,,,
CFCset1.2,1,,1,,1,,1,,1,,,,,,,,,
CFCset1.3,1,,1,,1,,1,,1,,,,,,,,,
CFCset1.4,1,,1,,1,,1,,1,,,,,,,,,
CFCset1.5,1,,1,,1,,1,,1,,,,,,,,,
CFCset1.6,1,,1,,1,,1,,1,,,,,,,,,
CFCset1.7,1,,1,,1,,1,,1,,,,,,,,,
CFCset2.1,1,,1,,1,,1,,1,,,,,,,,,
CFCset2.2,1,,1,,1,,1,,1,,,,,,,,,
CFCset2.3,1,,1,,1,,1,,1,,,,,,,,,
CFCset2.4,1,,1,,1,,1,,1,,,,,,,,,
CFCset2.5,1,,1,,1,,1,,1,,,,,,,,,
CFCset2.6,1,,1,,1,,1,,1,,,,,,,,,
CFCset2.7,1,,1,,1,,1,,1,,,,,,,,,
Discounting1,1,,1,,1,,,,,,,,,,,,,
Discounting2,1,,1,,1,,,,,,,,,,,,,
Discounting3,1,,1,,1,,,,,,,,,,,,,
Discounting4,1,,1,,1,,,,,,,,,,,,,
Discounting5,1,,1,,1,,,,,,,,,,,,,
Discounting6,1,,1,,1,,,,,,,,,,,,,
Discounting7,1,,1,,1,,,,,,,,,,,,,
Discounting8,1,,1,,1,,,,,,,,,,,,,
Discounting9,1,,1,,1,,,,,,,,,,,,,
Discounting10,1,,1,,1,,,,,,,,,,,,,
Discounting11,1,,1,,1,,,,,,,,,,,,,
Discounting12,1,,1,,1,,,,,,,,,,,,,
Discounting13,1,,1,,1,,,,,,,,,,,,,
Discounting14,1,,1,,1,,,,,,,,,,,,,
Discounting15,1,,1,,1,,,,,,,,,,,,,
Discounting16,1,,1,,1,,,,,,,,,,,,,
Discounting17,1,,1,,1,,,,,,,,,,,,,
Discounting18,1,,1,,1,,,,,,,,,,,,,
Discounting19,1,,1,,1,,,,,,,,,,,,,
Discounting20,1,,1,,1,,,,,,,,,,,,,
Discounting21,1,,1,,1,,,,,,,,,,,,,
Discounting22,1,,1,,1,,,,,,,,,,,,,
Discounting23,1,,1,,1,,,,,,,,,,,,,
Discounting24,1,,1,,1,,,,,,,,,,,,,
Discounting25,1,,1,,1,,,,,,,,,,,,,
Discounting26,1,,1,,1,,,,,,,,,,,,,
Discounting27,1,,1,,1,,,,,,,,,,,,,
TroubleRemember,1,1,,,,,,,,,,,,,1,1,,
TimePassed,1,1,,,,1,1,,,,,1,,,1,1,,1
SimilarDays,1,1,,,,1,,,,,,1,,,1,1,,1
RecentlyForgotten,,1,,,,1,,,,,,1,,,,,,
FarMonth,,1,,,,1,1,,,,,1,,,1,1,,1
FarYear,,1,,,,1,1,,,,,1,,,1,1,,1
OptimisticSlider1,,,,,,1,,,,,,,,,,,,
OptimisticSlider2,,,,,,1,,,,,,,,,,,,
OptimisticSlider3,,,,,,1,,,,,,,,,,,,
OptimisticSlider4,,,,,,1,,,,,,,,,,,,
OptimisticSlider5,,,,,,1,,,,,,,,,,,,
OptimisticSlider6,,,,,,1,,,,,,,,,,,,
OptimisticSlider7,,,,,,1,,,,,,,,,,,,
OptimisticSlider8,,,,,,1,,,,,,,,,,,,
OptimisticSlider9,,,,,,1,,,,,,,,,,,,
OptimisticOrdinal1,,1,,,,,,,,,,,,,,,,
OptimisticOrdinal2,,1,,,,,,,,,,,,,,,,
OptimisticOrdinal3,,1,,,,,,,,,,,,,,,,
OptimisticOrdinal4,,1,,,,,,,,,,,,,,,,
OptimisticOrdinal5,,1,,,,,,,,,,,,,,,,
ConspiracySet1.1,1,1,1,1,1,1,,,,,,,,,,,,
ConspiracySet1.2,1,1,1,1,1,1,,,,,,,,,,,,
ConspiracySet1.3,1,1,1,1,1,1,,,,,,,,,,,,
ConspiracySet1.4,1,1,1,1,1,1,,,,,,,,,,,,
ConspiracySet1.5,1,1,1,1,1,1,,,,,,,,,,,,
ConspiracySet1.6,1,1,1,1,1,1,,,,,,,,,,,,
ConspiracySet1.7,1,1,1,1,1,1,,,,,,,,,,,,
ConspiracySet2.1,1,1,1,1,1,1,,,,,,,,,,,,
ConspiracySet2.2,1,1,1,1,1,1,,,,,,,,,,,,
ConspiracySet2.3,1,1,1,1,1,1,,,,,,,,,,,,
ConspiracySet2.4,1,1,1,1,1,1,,,,,,,,,,,,
ConspiracySet2.5,1,1,1,1,1,1,,,,,,,,,,,,
ConspiracySet2.6,1,1,1,1,1,1,,,,,,,,,,,,
ConspiracySet2.7,1,1,1,1,1,1,,,,,,,,,,,,
ConspiracySet2.8,1,1,1,1,1,1,,,,,,,,,,,,
Sociopolitical,1,,,,,,,,,,,,,,,,,
Econopolitical,1,,,,,,,,,,,,,,,,,
MaskPolitical,1,1,,1,,,,,,,,,,,,,,
MaskOtherStatement,1,1,,1,,,,,,,,,,,,,,
RefuseMask,1,1,,1,,,,,,,,,,,,,,
MaskMakeStatement,1,1,,1,,,,,,,,,,,,,,
NoMaskStatement,1,1,,1,,,,,,,,,,,,,,
NoMaskOtherState,,1,,1,,,,,,,,,,,,,,
TrumpMask1,1,,,,,,,,,,,,,,,,,
TrumpMask2,1,,,,,,,,,,,,,,,,,
NeighborMask,1,,,,,,,,,,,,,,,,,
NeighborMask1,,1,1,,1,,,,1,,1,,1,1,1,1,1,1
NeighborMask2,,1,1,,1,,,,1,,1,,1,1,1,1,1,1
WrongMaskIntention,,,,,,1,,,,,,,,,,,,
WrongMaskComfort,,,,,,1,,,,,,,,,,,,
WrongMaskComply,,,,,,1,,,,,,,,,,,,
MaskAttitudes1,1,1,,1,,1,,,1,,,1,1,,,,1,
MaskAttitudes2,1,1,,1,,1,,,1,,,1,1,,,,1,
MaskAttitudes3,1,1,,1,,1,,,1,,,1,1,,,,1,
MaskAttitudes4,1,1,,1,,1,,,1,,,1,1,,,,1,
MaskAttitudes5,1,1,,1,,1,,,1,,,1,1,,,,1,
MaskAttitudes6,1,1,,1,,1,,,1,,,1,1,,,,1,
MaskTrust,1,1,,1,,1,,,1,,,1,1,,,,1,
MaskIntelligence,1,1,,1,,1,,,1,,,1,1,,,,1,
MaskMotives1,,1,,1,1,,1,,1,,1,,1,1,1,1,1,1
MaskMotives2,,1,,1,1,,1,,1,,1,,1,1,1,1,1,1
MaskMotives3,,1,,1,1,,1,,1,,1,,1,1,1,1,1,1
MaskStigma1,,1,,,,,,,,,,,,,,,,
MaskStigma2,,1,,,,,,,,,,,,,,,,
MaskStigma3,,1,,,,,,,,,,,,,,,,
MaskStigma4,,1,,,,,,,,,,,,,,,,
MaskStereotype,,1,,,,,,,,,,,,,,,,
MaskLegal,,1,1,,1,,,,1,,1,,1,1,1,1,1,1
MaskRespect,,1,1,,1,,,,1,,1,,1,1,1,1,1,1
MaskEncouraged,,1,1,,1,,,,1,,1,,1,1,1,1,1,1
MaskMouthNose,,,,,1,,,,,,,,,,,,,
NotCoverNose,,,,,1,,,,1,,,,,1,1,,,
FeelOthersNose,,,,,1,,,,,,,,,,,,,
FriendSameBelief,1,,,,,,,,,,,,,,,,,
RightWing,1,,,,,,,,,,,,,,,,,
Dogmatism,1,,,,,,,,,,,,,,,,,
Fundamentalism,1,,,,,,,,,,,,,,,,,
Exclusivity,1,,,,,,,,,,,,,,,,,
Income,1,,,,,1,,,,,,1,,,1,,,1
Savings,1,,,,,1,,,,,,1,,,1,,,1
Assets,1,,,,,1,,,,,,1,,,1,,,1
PFIaffectNeigh,1,1,1,1,1,1,1,1,1,1,1,1,1,1,1,1,,
PFIaffectCountry,1,1,1,1,1,1,1,1,1,1,1,1,1,1,1,1,,
PFIsharedfateCountry,,1,1,1,1,1,1,1,1,1,1,1,1,1,1,1,,
PFIsharedfateNeigh,1,1,1,1,1,1,1,1,1,1,1,1,1,1,1,1,,
CovidSymptoms,1,1,1,1,1,1,1,1,1,1,1,1,1,1,1,,,
HelpGiven,1,1,1,1,1,1,1,1,1,1,1,1,1,,1,,,
HelpReceived,1,1,1,1,1,1,1,1,1,1,1,1,1,,1,,,
MutualAid,1,1,1,1,1,1,1,1,1,1,1,1,1,,1,,,
EmpatheticConcern,1,1,1,1,1,1,1,1,1,1,1,1,1,,1,,,
EmpatheticDistress,1,1,1,1,1,1,1,1,1,1,1,1,1,,1,,,
Predictability,1,,,,,,,,,,,,,,,,,
Repayment,1,,,,,,,,,,,,,,,,,
Challenges,1,,,,,,,,,,,,,,,,,
Wealth,1,,,,,1,,,,,,1,,,1,,,
TraitEmpathicConcern,1,,,,,,,,,,,1,,,1,,,
TraitEmpathicdistress,1,,,,,,,,,,,1,,,1,,,
BeliefInConspiracy,1,1,1,1,1,1,,,,,,,,,,,,
PoliticalOrientation,1,,,,,,,,,,,,,,,,,
DiscountingRate,1,,1,,1,,,,,,,,,,,,,
SmallSooner,1,,1,,1,,,,,,,,,,,,,
LargerSooner,1,,1,,1,,,,,,,,,,,,,
NoResponse,1,,1,,1,,,,,,,,,,,,,
@00025.1,1,,1,,1,,,,,,,,,,,,,
@00039.1,1,,1,,1,,,,,,,,,,,,,
@00098.1,1,,1,,1,,,,,,,,,,,,,
@0021.1,1,,1,,,,,,,,,,,,,,,
@0034.1,1,,1,,,,,,,,,,,,,,,
@0055.1,1,,1,,,,,,,,,,,,,,,
@0087.1,1,,1,,1,,,,,,,,,,,,,
@013.1,1,,1,,1,,,,,,,,,,,,,
@02.1,1,,1,,1,,,,,,,,,,,,,
@025.1,1,,1,,1,,,,,,,,,,,,,
SourceInfo1,,1,,,,,,1,,,,,,,,,,
SourceInfo2,,1,,,,,,1,,,,,,,,,,
SourceInfo3,,1,,,,,,1,,,,,,,,,,
SourceInfo4,,1,,,,,,1,,,,,,,,,,
SourceInfo5,,1,,,,,,1,,,,,,,,,,
SourceInfo6,,1,,,,,,1,,,,,,,,,,
SourceInfo7,,1,,,,,,1,,,,,,,,,,
SourceInfo8,,1,,,,,,1,,,,,,,,,,
SourceInfo9,,1,,,,,,1,,,,,,,,,,
SourceInfo10,,1,,,,,,1,,,,,,,,,,
SourceInfo11,,1,,,,,,1,,,,,,,,,,
SourceInfo12,,1,,,,,,1,,,,,,,,,,
SourceInfo13,,1,,,,,,1,,,,,,,,,,
SourceInfo14,,1,,,,,,1,,,,,,,,,,
Fundamental1,,1,1,1,1,1,1,1,1,1,1,1,,,,,,
Fundamental2,,1,1,1,1,1,1,1,1,1,1,1,,,,,,
Fundamental3,,1,1,1,1,1,1,1,1,1,1,1,,,,,,
Fundamental4,,1,1,1,1,1,1,1,1,1,1,1,,,,,,
Fundamental5,,1,1,1,1,1,1,1,1,1,1,1,,,,,,
Fundamental6,,1,1,1,1,1,1,1,1,1,1,1,,,,,,
Fundamental7,,1,1,1,1,1,1,1,1,1,1,1,,,,,,
Fundamental8,,1,1,1,1,1,1,1,1,1,1,1,,,,,,
Fundamental9,,1,1,1,1,1,1,1,1,1,1,1,,,,,,
Fundamental10,,1,1,1,1,1,1,1,1,1,1,1,,,,,,
RiskManage1,,1,,,1,,,1,,,1,,,,,,,
RiskManage2,,1,,,1,,,1,,,1,,,,,,,
RiskManage3,,1,,,1,,,1,,,1,,,,,,,
RiskManage4,,1,,,1,,,1,,,1,,,,,,,
RiskManage5,,1,,,1,,,1,,,1,,,,,,,
RiskManage6,,1,,,1,,,1,,,1,,,,,,,
RiskManage7,,1,,,1,,,1,,,1,,,,,,,
RiskManage8,,1,,,1,,,1,,,1,,,,,,,
RiskManage9,,1,,,1,,,1,,,1,,,,,,,
RiskManage10,,1,,,1,,,1,,,1,,,,,,,
RiskManage11,,1,,,1,,,1,,,1,,,,,,,
NewFood,,1,,,,,,,,,,,,,,,,
RiskReduction,,1,,,1,,,1,,,1,,,,,,,
RiskAvoidance,,1,,,1,,,1,,,1,,,,,,,
RiskRetention,,1,,,1,,,1,,,1,,,,,,,
RiskTransfer,,1,,,1,,,1,,,1,,,,,,,
ShopBF,,,1,,,,,,,,,,,,,,,
MaskBF,,,1,,,,,,,,,,,,,,,
WorriedCovidBF1,,,1,,,,,,,,,,,,,,,
WorriedCovidBF2,,,1,,,,,,,,,,,,,,,
ChangePlansBF3,,,1,,,,,,,,,,,,,,,
CelebrateTG,,,1,,,,,,,,,,,,,,,
PrecautionTG,,,1,,,,,,,,,,,,,,,
HowManyTG,,,1,,,,,,,,,,,1,,,,
NotHouseHoldTG,,,1,,,,,,,,,,,1,,,,
MaskTG,,,1,,,,,,,,,,,1,,,,
COVIDpositiveTG,,,1,,,,,,,,,,,1,,,,
WorriedCovidTG1,,,1,,,,,,,,,,,1,,,,
WorriedCovidTG2,,,1,,,,,,,,,,,1,,,,
CancelTG,,,1,,,,,,,,,,,1,,,,
IOSTG,,,,,,,,,,,,,,1,,,,
SchoolChild,,,1,,1,,,1,,,1,,,,,,,
SchoolConcern,,,1,,,,,1,,,,,,,,,,
SchoolMethod,,,1,,,,,1,,,,,,,,,,
PreferredMethod,,,1,,,,,1,,,,,,,,,,
Schoolitems1,,,1,,1,,,1,,,1,,,,,,,
Schoolitems2,,,1,,1,,,1,,,1,,,,,,,
Schoolitems3,,,1,,1,,,1,,,1,,,,,,,
Schoolitems4,,,1,,1,,,1,,,1,,,,,,,
RiskBehavior1,,,1,,,,,,,,,,,,,,,
RiskBehavior2,,,1,,,,,,,,,,,,,,,
RiskBehavior3,,,1,,,,,,,,,,,,,,,
RiskBehavior4,,,1,,,,,,,,,,,,,,,
RiskBehavior5,,,1,,,,,,,,,,,,,,,
RiskBehavior6,,,1,,,,,,,,,,,,,,,
ReduceCovidRisk1,,,1,,,,,,,,,,,,,,,
ReduceCovidRisk2,,,1,,,,,,,,,,,,,,,
ReduceCovidRisk3,,,1,,,,,,,,,,,,,,,
BothersFriendsRisk,,,1,,,,,,,,,,,,,,,
TimeRiskyFriend,,,1,,,,,,,1,,,,,,,,
TimeCarefulFriend,,,1,,,,,,,1,,,,,,,,
WishFriendsCareful,,,1,,,,,,,,,,,,,,,
FriendsConflict,,,1,,,,,,,,,,,,,,,
EnjoyHelpFriends,,,1,,,,,,,,,,,,,,,
BothersHouseRisk,,,1,,,,,,,,,,,,,,,
WishHouseCareful,,,1,,,,,,,,,,,,,,,
HouseConflict,,,1,,,,,,,,,,,,,,,
RiskBehaviorComposite,,,1,,,,,,,,,,,,,,,
CFC.Future,,,1,,1,,1,,1,,,,,,,,,
CFC.Immediate,,,1,,1,,1,,1,,,,,,,,,
CFC.Composite,,,1,,1,,1,,1,,,,,,,,,
PostVaccineBehavior1,,,,1,,,,,,,,,,,,,,
PostVaccineBehavior2,,,,1,,,,,,,,,,,,,,
PostVaccineBehavior3,,,,1,,,,,,,,,,,,,,
PostVaccineBehavior4,,,,1,,,,,,,,,,,,,,
PostVaccineBehavior5,,,,1,,,,,,,,,,,,,,
PostVaccineBehavior6,,,,1,,,,,,,,,,,,,,
MaskDem,,,,1,,,,,,,,,,,,,,
MaskRep,,,,1,,,,,,,,,,,,,,
MaskDemAffiliate,,,,1,,,,,,,,,,,,,,
MaskRepAffiliate,,,,1,,,,,,,,,,,,,,
Reactance1,,,,1,,,,,,,,,,,,,,
Reactance2,,,,1,,,,,,,,,,,,,,
Reactance3,,,,1,,,,,,,,,,,,,,
Reactance4,,,,1,,,,,,,,,,,,,,
Entitlement1,,,,1,,,,,,,,,,,,,,
Entitlement2,,,,1,,,,,,,,,,,,,,
Entitlement3,,,,1,,,,,,,,,,,,,,
Entitlement4,,,,1,,,,,,,,,,,,,,
Entitlement5,,,,1,,,,,,,,,,,,,,
Entitlement6,,,,1,,,,,,,,,,,,,,
Entitlement7,,,,1,,,,,,,,,,,,,,
Entitlement8,,,,1,,,,,,,,,,,,,,
Entitlement9,,,,1,,,,,,,,,,,,,,
HowMuchSleep,,,,1,,,,,,,,1,,,1,,,1
HourSleep,,,,1,,,,,,,,1,,,1,,,1
QualitySleep,,,,1,,,,,,,,1,,,1,,,1
SleepExperiences1,,,,1,,,,,,,,1,,,1,,,1
SleepExperiences2,,,,1,,,,,,,,1,,,1,,,1
SleepExperiences3,,,,1,,,,,,,,1,,,1,,,1
SleepExperiences4,,,,1,,,,,,,,1,,,1,,,1
SleepExperiences5,,,,1,,,,,,,,1,,,1,,,1
SleepExperiences6,,,,1,,,,,,,,1,,,1,,,1
SleepExperiences7,,,,1,,,,,,,,1,,,1,,,1
HowFastYear,,,,1,,,,,,,,,,,,,,
NewPandemic,,,,1,,,,,,,,,,,,,,
TimeTilNewPandemic,,,,1,,,,,,,,,,,,,,
PandemicExtinction,,,,1,,,,,,,,,,,,,,
GovernmentPandemic,,,,1,,,,,,,,,,,,,,
IndividualPandemic,,,,1,,,,,,,,,,,,,,
CausesExtinction1,,,,1,,,,,,,,,,,,,,
CausesExtinction2,,,,1,,,,,,,,,,,,,,
CausesExtinction3,,,,1,,,,,,,,,,,,,,
CausesExtinction4,,,,1,,,,,,,,,,,,,,
CausesExtinction5,,,,1,,,,,,,,,,,,,,
CausesExtinction6,,,,1,,,,,,,,,,,,,,
CausesExtinction8,,,,1,,1,,,,,,1,,,,,,
CausesExtinction9,,,,1,,,,,,,,,,,,,,
CausesExtinction10,,,,1,,,,,,,,,,,,,,
ReactanceComposite,,,,1,,,,,,,,,,,,,,
EntitlementComposite,,,,1,,,,,,,,,,,,,,
powerrespect,,,,1,,,,,,,,,,,,,,
AloneTime,,,,,1,,,,,,,,,,,,,
AloneTimeSatisfied,,,,,1,,,,,,,,,,,,,
Big5.1,,,,,,1,,,,,,,,,,,,
Big5.2,,,,,,1,,,,,,,,,,,,
Big5.3,,,,,,1,,,,,,,,,,,,
Big5.4,,,,,,1,,,,,,,,,,,,
Big5.5,,,,,,1,,,,,,,,,,,,
Big5.6,,,,,,1,,,,,,,,,,,,
Big5.7,,,,,,1,,,,,,,,,,,,
Big5.8,,,,,,1,,,,,,,,,,,,
Big5.9,,,,,,1,,,,,,,,,,,,
Big5.10,,,,,,1,,,,,,,,,,,,
Big5.11,,,,,,1,,,,,,,,,,,,
Big5.12,,,,,,1,,,,,,,,,,,,
Big5.13,,,,,,1,,,,,,,,,,,,
Big5.14,,,,,,1,,,,,,,,,,,,
Big5.15,,,,,,1,,,,,,,,,,,,
Big5.16,,,,,,1,,,,,,,,,,,,
Big5.17,,,,,,1,,,,,,,,,,,,
Big5.18,,,,,,1,,,,,,,,,,,,
Big5.19,,,,,,1,,,,,,,,,,,,
Big5.20,,,,,,1,,,,,,,,,,,,
GreenSettings,,,,,,1,,,,,,,,,,,,
OutdoorRec,,,,,,1,,,,,,,,,,,,
b5_extroversion,,,,,,1,,,,,,,,,,,,
b5_agreeable,,,,,,1,,,,,,,,,,,,
b5_conscientious,,,,,,1,,,,,,,,,,,,
b5_negemotion,,,,,,1,,,,,,,,,,,,
b5_openness,,,,,,1,,,,,,,,,,,,
Feet,,,,,,,1,1,,,,1,,,,,,
Inches,,,,,,,1,1,,,,1,,,,,,
Weight,,,,,,,1,1,,,,1,,,,,,
DescriptiveLearning1,,,,,,,1,,,,,,,,,,,
DescriptiveLearning2,,,,,,,1,,,,,,,,,,,
DescriptiveLearning3,,,,,,,1,,,,,,,,,,,
DescriptiveLearning4,,,,,,,1,,,,,,,,,,,
InjunctiveLearning1,,,,,,,1,,,,,,,,,,,
InjunctiveLearning2,,,,,,,1,,,,,,,,,,,
InjunctiveLearning3,,,,,,,1,,,,,,,,,,,
InjunctiveLearning4,,,,,,,1,,,,,,,,,,,
VaccineLocalArea,,,,,,,1,1,1,1,1,1,,,,,,
VaccineLocalRightThing,,,,,,,1,1,1,1,1,1,,,,,,
DecisionMask1,,,,,,,1,1,,,,,,,,,,
DecisionMask2,,,,,,,1,1,,,,,,,,,,
DecisionMask3,,,,,,,1,1,,,,,,,,,,
DecisionMask4,,,,,,,1,1,,,,,,,,,,
NormDisagreement1,,,,,,,1,,,,,,,,,,,
NormDisagreement2,,,,,,,1,,,,,,,,,,,
NormDisagreement3,,,,,,,1,,,,,,,,,,,
PostVaccineActivity1,,,,,,,1,,,,,,,,,,,
PostVaccineActivity2,,,,,,,1,,,,,,,,,,,
PostVaccineActivity3,,,,,,,1,,,,,,,,,,,
PostVaccineActivity4,,,,,,,1,,,,,,,,,,,
PostVaccineActivity5,,,,,,,1,,,,,,,,,,,
PostVaccineActivity6,,,,,,,1,,,,,,,,,,,
PostVaccineActivity7,,,,,,,1,,,,,,,,,,,
PostVaccineActivity8,,,,,,,1,,,,,,,,,,,
PostVaccineActivity9,,,,,,,1,,,,,,,,,,,
PostVaccineActivity10,,,,,,,1,,,,,,,,,,,
PostVaccineActivity11,,,,,,,1,,,,,,,,,,,
PostVaccineActivity12,,,,,,,1,,,,,,,,,,,
PostVaccineActivity13,,,,,,,1,,,,,,,,,,,
PostVaccineActivity14,,,,,,,1,,,,,,,,,,,
PostVaccineActivity15,,,,,,,1,,,,,,,,,,,
PostVaccineActivity16,,,,,,,1,,,,,,,,,,,
CDCguidelines1,,,,,,,1,,,,,,,,,,,
CDCguidelines2,,,,,,,1,,,,,,,,,,,
CDCguidelines3,,,,,,,1,,,,,,,,,,,
CDCguidelines4,,,,,,,1,,,,,,,,,,,
CDCpostVaccine,,,,,,,1,,,,,,,,,,,
EffortLive,,,,,,,1,,1,,1,,,,,,,
NoEffortLive,,,,,,,1,,1,,1,,,,,,,
LifeExpectancy,,,,,,,1,,1,,,,,,,,,
Bored1,,,,,,,1,,,,,,,,,1,,
Bored2,,,,,,,1,,,,,,,,,1,,
Bored3,,,,,,,1,,,,,,,,,1,,
OftenUncertain1,,,,,,,1,,,,,,,,,1,,
OftenUncertain2,,,,,,,1,,,,,,,,,1,,
OftenUncertain3,,,,,,,1,,,,,,,,,1,,
QAnon1,,,,,,,1,1,1,1,1,1,,,,,,
QAnon2,,,,,,,1,1,1,1,1,1,,,,,,
QAnon3,,,,,,,1,1,1,1,1,1,,,,,,
FeetToInches,,,,,,,1,1,,,,,,,,,,
InchesTotal,,,,,,,1,1,,,,,,,,,,
Height,,,,,,,1,1,,,,1,,,,,,
WorkHome,,,,,,,,1,,,,,,,,,,
ConcernAlterDNA,,,,,,,,1,,,,,,,,,,
ThinkVaccinated,,,,,,,,1,,,,,,,,,,
VaccineAttitudes1,,,,,,,,1,,,,,,,,,,
VaccineAttitudes2,,,,,,,,1,,,,,,,,,,
VaccineAttitudes3,,,,,,,,1,,,,,,,,,,
VaccineAttitudes4,,,,,,,,1,,,,,,,,,,
MaskToComply,,,,,,,,1,1,,,,,,,,,
Mortality1,,,,,,,,1,,,,,,,,,,
Mortality2,,,,,,,,1,,,,,,,,,,
Mortality3,,,,,,,,1,,,,,,,,,,
Mortality4,,,,,,,,1,,,,,,,,,,
Mortality5,,,,,,,,1,,,,,,,,,,
Mortality6,,,,,,,,1,,,,,,,,,,
Mortality7,,,,,,,,1,,,,,,,,,,
Mortality8,,,,,,,,1,,,,,,,,,,
VaccineWork,,,,,,,,,1,,,1,,,,,,
VaccineEncouraged,,,,,,,,,1,,,1,,,,,,
Caregiving,,,,,,,,,1,,,,,,,,,
Vaccine4Care,,,,,,,,,1,,,,,,,,,
VaccineChild,,,,,,,,,1,,,,,,,,,
MaskMandate,,,,,,,,,1,,,,,,,,,
VaccineStatus,,,,,,,,,1,,,,,,,,,
MaskMandates1,,,,,,,,,1,,,,,,,,,
MaskMandates2,,,,,,,,,1,,,,,,,,,
MaskMandates3,,,,,,,,,1,,,,,,,,,
StudyVSdowntime,,,,,,,,,1,,,,,,,,,
Agency1,,,,,,,,,1,,,,,,,,,
Agency2,,,,,,,,,1,,,,,,,,,
Agency3,,,,,,,,,1,,,,,,,,,
Agency4,,,,,,,,,1,,,,,,,,,
Agency5,,,,,,,,,1,,,,,,,,,
Agency6,,,,,,,,,1,,,,,,,,,
Agency7,,,,,,,,,1,,,,,,,,,
Agency8,,,,,,,,,1,,,,,,,,,
Agency9,,,,,,,,,1,,,,,,,,,
Agency10,,,,,,,,,1,,,,,,,,,
Agency11,,,,,,,,,1,,,,,,,,,
Agency12,,,,,,,,,1,,,,,,,,,
Agency13,,,,,,,,,1,,,,,,,,,
PositiveRightNow1,,,,,,,,,1,1,,,,,1,1,1,
PositiveRightNow2,,,,,,,,,1,1,,,,,1,1,1,
PositiveRightNow3,,,,,,,,,,,,,,,1,1,1,
OptimisticLife1,,,,,,,,,1,,,,,,,1,,
OptimisticLife2,,,,,,,,,1,,,,,,,1,,
OptimisticLife3,,,,,,,,,1,,,,,,,1,,
OptimisticLife4,,,,,,,,,1,,,,,,,1,,
OptimisticLife5,,,,,,,,,1,,,,,,,1,,
OptimisticLife6,,,,,,,,,1,,,,,,,,,
OptimisticWorld1,,,,,,,,,1,,,,,,,1,,
OptimisticWorld2,,,,,,,,,1,,,,,,,1,,
OptimisticWorld3,,,,,,,,,1,,,,,,,1,,
OptimisticWorld4,,,,,,,,,1,,,,,,,1,,
OptimisticWorld5,,,,,,,,,1,,,,,,,1,,
OptimisticWorld6,,,,,,,,,1,,,,,,,,,
OptimisticWorld7,,,,,,,,,1,,,,,,,,,
OptimisticWorld8,,,,,,,,,1,,,,,,,,,
SoPA,,,,,,,,,1,,,,,,,,,
SoNA,,,,,,,,,1,,,,,,,,,
CurrentHrlyWrk,,,,,,,,,,1,,1,,,,,,
HrlyWrkMonthAgo,,,,,,,,,,1,,,,,,,,
NoMaskOutPoliOri,,,,,,,,,,1,,,,,,,,
NoMaskOutVacc,,,,,,,,,,1,,,,,,,,
MaskOutPoliOri,,,,,,,,,,1,,,,,,,,
MaskOutVacc,,,,,,,,,,1,,,,,,,,
NoMaskInPoliOri,,,,,,,,,,1,,,,,,,,
NoMaskInVacc,,,,,,,,,,1,,,,,,,,
MaskInPoliOri,,,,,,,,,,1,,,,,,,,
MaskInVacc,,,,,,,,,,1,,,,,,,,
OthersJudgeMask,,,,,,,,,,1,,,,,,,,
JudgeWearMask,,,,,,,,,,1,,,,,,,,
PositiveLife1,,,,,,,,,,1,,,,,,,,
PositiveLife2,,,,,,,,,,1,,,,,1,1,1,
PositiveLife3,,,,,,,,,,1,,,,,,,,
PositiveLife4,,,,,,,,,,1,,,,,,,,
PositiveLife5,,,,,,,,,,1,,,,,,,,
PositiveWorld1,,,,,,,,,,1,,,,,,,,
PositiveWorld2,,,,,,,,,,1,,,,,1,1,1,
PositiveWorld3,,,,,,,,,,1,,,,,,,,
PositiveWorld4,,,,,,,,,,1,,,,,,,,
PositiveWorld5,,,,,,,,,,1,,,,,,,,
PositiveWorld6,,,,,,,,,,1,,,,,,,,
PositiveWorld7,,,,,,,,,,1,,,,,,,,
PositiveWorld8,,,,,,,,,,1,,,,,,,,
PositivePast3,,,,,,,,,,,,,,,1,1,1,
LifeOrientation1,,,,,,,,,,1,,,,,,,,
LifeOrientation2,,,,,,,,,,1,,,,,,,,
LifeOrientation3,,,,,,,,,,1,,,,,,,,
LifeOrientation4,,,,,,,,,,1,,,,,,,,
LifeOrientation5,,,,,,,,,,1,,,,,,,,
LifeOrientation6,,,,,,,,,,1,,,,,,,,
Loneliness1,,,,,,,,,,1,,,,,,,,
Loneliness2,,,,,,,,,,1,,,,,,,,
Loneliness3,,,,,,,,,,1,,,,,,,,
Loneliness4,,,,,,,,,,1,,,,,,,,
Loneliness5,,,,,,,,,,1,,,,,,,,
Loneliness6,,,,,,,,,,1,,,,,,,,
Loneliness7,,,,,,,,,,1,,,,,,,,
Loneliness8,,,,,,,,,,1,,,,,,,,
Loneliness9,,,,,,,,,,1,,,,,,,,
Loneliness10,,,,,,,,,,1,,,,,,,,
Loneliness11,,,,,,,,,,1,,,,,,,,
Loneliness12,,,,,,,,,,1,,,,,,,,
Loneliness13,,,,,,,,,,1,,,,,,,,
Loneliness14,,,,,,,,,,1,,,,,,,,
Loneliness15,,,,,,,,,,1,,,,,,,,
Loneliness16,,,,,,,,,,1,,,,,,,,
Loneliness17,,,,,,,,,,1,,,,,,,,
Loneliness18,,,,,,,,,,1,,,,,,,,
Loneliness19,,,,,,,,,,1,,,,,,,,
Loneliness20,,,,,,,,,,1,,,,,,,,
FriendsRisks1,,,,,,,,,,1,,,,,,,,
FriendsRisks2,,,,,,,,,,1,,,,,,,,
FriendsRisks3,,,,,,,,,,1,,,,,,,,
FriendsRisks4,,,,,,,,,,1,,,,,,,,
FriendsRisks5,,,,,,,,,,1,,,,,,,,
FriendsRisks6,,,,,,,,,,1,,,,,,,,
FriendsRisks7,,,,,,,,,,1,,,,,,,,
ContactFriends,,,,,,,,,,1,,,,,,,,
PanWorseFriends,,,,,,,,,,1,,,,,,,,
PanBetterFriends,,,,,,,,,,1,,,,,,,,
SatisfiedFriends,,,,,,,,,,1,,,,,,,,
LifeOrientation,,,,,,,,,,1,,,,,,,,
Loneliness,,,,,,,,,,1,,,,,,,,
Closure1,,,,,,,,,,,1,,,,,,,
Closure2,,,,,,,,,,,1,,,,,,,
Closure3,,,,,,,,,,,1,,,,,,,
Closure4,,,,,,,,,,,1,,,,,,,
Closure5,,,,,,,,,,,1,,,,,,,
Closure6,,,,,,,,,,,1,,,,,,,
Closure7,,,,,,,,,,,1,,,,,,,
Closure8,,,,,,,,,,,1,,,,,,,
Closure9,,,,,,,,,,,1,,,,,,,
Closure10,,,,,,,,,,,1,,,,,,,
Closure11,,,,,,,,,,,1,,,,,,,
Closure12,,,,,,,,,,,1,,,,,,,
Closure13,,,,,,,,,,,1,,,,,,,
Closure14,,,,,,,,,,,1,,,,,,,
Closure15,,,,,,,,,,,1,,,,,,,
OptimisticEvent,,,,,,,,,,,1,,,,,,,
TimeToEventYears,,,,,,,,,,,1,,,,,,,
TimeToEventMonths,,,,,,,,,,,1,,,,,,,
TimeToEventWeeks,,,,,,,,,,,1,,,,,,,
TimeToEventDays,,,,,,,,,,,1,,,,,,,
Closure,,,,,,,,,,,1,,,,,,,
Relationship,,,,,,,,,,,,1,,,,,,
RelationChange,,,,,,,,,,,,1,,,,,,
RelationTypeChang,,,,,,,,,,,,1,,,,,,
MonthRelStatus,,,,,,,,,,,,1,,,,,,
JobChange,,,,,,,,,,,,1,,,,,,
HowManyJobChange,,,,,,,,,,,,1,,,,,,
MonthChangeJob,,,,,,,,,,,,1,,,,,,
JobChangeStatus,,,,,,,,,,,,1,,,,,,
TimeOffForVaccine,,,,,,,,,,,,1,,,,,,
JobRiskCovid,,,,,,,,,,,,1,,,,,,
PopChallenge,,,,,,,,,,,,1,,,,,,
TechVSconsume,,,,,,,,,,,,1,,,,,,
BIDR1,,,,,,,,,,,,1,,,1,,,1
BIDR2,,,,,,,,,,,,1,,,1,,,1
BIDR3,,,,,,,,,,,,1,,,1,,,1
BIDR4,,,,,,,,,,,,1,,,1,,,1
BIDR5,,,,,,,,,,,,1,,,1,,,1
BIDR6,,,,,,,,,,,,1,,,1,,,1
BIDR7,,,,,,,,,,,,1,,,1,,,1
BIDR8,,,,,,,,,,,,1,,,1,,,1
Treatment1,,,,,,,,,,,,1,,,,,,
Treatment2,,,,,,,,,,,,1,,,,,,
Treatment3,,,,,,,,,,,,1,,,,,,
Treatment4,,,,,,,,,,,,1,,,,,,
Treatment5,,,,,,,,,,,,1,,,,,,
FMIntentionsSocial,,,,,,,,,,,,1,,,,,,
FMIntentionsKin,,,,,,,,,,,,1,,,,,,
FMIntentionsMating,,,,,,,,,,,,1,,,,,,
FMIntentionsStatus,,,,,,,,,,,,1,,,,,,
FoodScarcity1,,,,,,,,,,,,1,,,,,,
FoodScarcity2,,,,,,,,,,,,1,,,,,,
FoodScarcity3,,,,,,,,,,,,1,,,,,,
FoodScarcity4,,,,,,,,,,,,1,,,,,,
FoodScarcity5,,,,,,,,,,,,1,,,,,,
FoodScarcity6,,,,,,,,,,,,1,,,,,,
FoodScarcity7,,,,,,,,,,,,1,,,,,,
FoodScarcity8,,,,,,,,,,,,1,,,,,,
FoodInsecurity1,,,,,,,,,,,,1,,,1,,,1
FoodInsecurity2,,,,,,,,,,,,1,,,1,,,1
FoodInsecurity3,,,,,,,,,,,,1,,,1,,,1
FoodInsecurity4,,,,,,,,,,,,,,,1,,,1
SixMonthsPassed,,,,,,,,,,,,1,1,,,1,,1
FarMonth2019,,,,,,,,,,,,1,,,,,,
FarYear2019,,,,,,,,,,,,1,,,,,,
Asteroid1,,,,,,,,,,,,1,,,,,,
Asteroid2,,,,,,,,,,,,1,,,,,,
Asteroid3,,,,,,,,,,,,1,,,,,,
Asteroid4,,,,,,,,,,,,1,,,,,,
Asteroid5,,,,,,,,,,,,1,,,,,,
SelfEnhancement,,,,,,,,,,,,1,,,1,,,
AnticipatedFoodScarcity,,,,,,,,,,,,1,,,,,,
FoodInsecurity,,,,,,,,,,,,1,,,1,,,
t2,1,1,1,1,1,1,1,1,1,1,1,1,1,1,1,,,
t3,1,1,1,1,1,1,1,1,1,1,1,1,1,1,1,,,
t4,1,1,1,1,1,1,1,1,1,1,1,1,1,1,1,,,
t5,1,1,1,1,1,1,1,1,1,1,1,1,1,1,1,,,
t6,1,1,1,1,1,1,1,1,1,1,1,1,1,1,1,,,
t7,1,1,1,1,1,1,1,1,1,1,1,1,1,1,1,,,
t8,1,1,1,1,1,1,1,1,1,1,1,1,1,1,1,,,
t9,1,1,1,1,1,1,1,1,1,1,1,1,1,1,1,,,
tot_t9,1,1,1,1,1,1,1,1,1,1,1,1,1,1,1,,,
t10,1,1,1,1,1,1,1,1,1,1,1,1,1,1,1,,,
t11,1,1,1,1,1,1,1,1,1,1,1,1,1,1,1,,,
tot_t11,1,1,1,1,1,1,1,1,1,1,1,1,1,1,1,,,
t12,1,1,1,1,1,1,1,1,1,1,1,1,1,1,1,,,
tot_t12,1,1,1,1,1,1,1,1,1,1,1,1,1,1,1,,,
Booster,,,,,,,,,,,,,1,1,1,1,1,1
TrustBooster,,,,,,,,,,,,,1,1,1,1,1,1
RecommendBooster,,,,,,,,,,,,,1,1,1,1,1,1
BoosterLocalArea,,,,,,,,,,,,,1,1,1,1,1,1
BoosterUS,,,,,,,,,,,,,,1,1,1,1,1
Identities1,,,,,,,,,,,,,1,,,,,
Identities2,,,,,,,,,,,,,1,,,,,
Identities3,,,,,,,,,,,,,1,,,,,
Identities4,,,,,,,,,,,,,1,,,,,
Identities5,,,,,,,,,,,,,1,,,,,
EffortHealth,,,,,,,,,,,,,1,,,,,
PositiveNegative1,,,,,,,,,,,,,1,,,,,
PositiveNegative2,,,,,,,,,,,,,1,,,,,
Certain1,,,,,,,,,,,,,1,,,,,
Certain2,,,,,,,,,,,,,1,,,,,
CertainFutureLife1,,,,,,,,,,,,,1,,,,,
CertainFutureLife2,,,,,,,,,,,,,1,,,,,
CertainFutureLife4,,,,,,,,,,,,,1,,,,,
CertainFutureLife5,,,,,,,,,,,,,1,,,,,
CertainFutureLife6,,,,,,,,,,,,,1,,,,,
CertainFutureWorld1,,,,,,,,,,,,,1,,,,,
CertainFutureWorld2,,,,,,,,,,,,,1,,,,,
CertainFutureWorld4,,,,,,,,,,,,,1,,,,,
CertainFutureWorld5,,,,,,,,,,,,,1,,,,,
CertainFutureWorld6,,,,,,,,,,,,,1,,,,,
CertainFutureWorld7,,,,,,,,,,,,,1,,,,,
CertainFutureWorld8,,,,,,,,,,,,,1,,,,,
RegFocus1,,,,,,,,,,,,,1,,,,,
RegFocus2,,,,,,,,,,,,,1,,,,,
RegFocus3,,,,,,,,,,,,,1,,,,,
RegFocus4,,,,,,,,,,,,,1,,,,,
RegFocus5,,,,,,,,,,,,,1,,,,,
RegFocus6,,,,,,,,,,,,,1,,,,,
RegFocus7,,,,,,,,,,,,,1,,,,,
RegFocus8,,,,,,,,,,,,,1,,,,,
RegFocus9,,,,,,,,,,,,,1,,,,,
RegFocus10,,,,,,,,,,,,,1,,,,,
RegFocus11,,,,,,,,,,,,,1,,,,,
Promotion,,,,,,,,,,,,,1,,,,,
Prevention,,,,,,,,,,,,,1,,,,,
t13,1,1,1,1,1,1,1,1,1,1,1,1,1,1,1,,,
tot_t13,1,1,1,1,1,1,1,1,1,1,1,1,1,1,1,,,
PFINeighAffectTimeFirstClick,,,,,,,,,,,,,,1,1,1,1,1
PFINeighAffectTimeLastClick,,,,,,,,,,,,,,1,1,1,1,1
PFINeighAffectTimePageSubmit,,,,,,,,,,,,,,1,1,1,1,1
PFINeighAffectTimeClickCount,,,,,,,,,,,,,,1,1,1,1,1
PFINeighFateTimeFirstClick,,,,,,,,,,,,,,1,1,1,1,1
PFINeighFateTimeLastClick,,,,,,,,,,,,,,1,1,1,1,1
PFINeighFateTimePageSubmit,,,,,,,,,,,,,,1,1,1,1,1
PFINeighFateTimeClickCount,,,,,,,,,,,,,,1,1,1,1,1
HelpNeighTimeFirstClick,,,,,,,,,,,,,,1,1,1,1,1
HelpNeighTimeLastClick,,,,,,,,,,,,,,1,1,1,1,1
HelpNeighTimePageSubmit,,,,,,,,,,,,,,1,1,1,1,1
HelpNeighTimeClickCount,,,,,,,,,,,,,,1,1,1,1,1
PFIcountryAffectTimeFirstClick,,,,,,,,,,,,,,1,1,1,1,1
PFIcountryAffectTimeLastClick,,,,,,,,,,,,,,1,1,1,1,1
PFIcountryAffectTimePageSubmit,,,,,,,,,,,,,,1,1,1,1,1
PFIcountryAffectTimeClickCount,,,,,,,,,,,,,,1,1,1,1,1
PFIcountryFateTimeFirstClick,,,,,,,,,,,,,,1,1,1,1,1
PFIcountryFateTimeLastClick,,,,,,,,,,,,,,1,1,1,1,1
PFIcountryFateTimePageSubmit,,,,,,,,,,,,,,1,1,1,1,1
PFIcountryFateTimeClickCount,,,,,,,,,,,,,,1,1,1,1,1
HelpCountryTimeFirstClick,,,,,,,,,,,,,,1,1,1,1,1
HelpCountryTimeLastClick,,,,,,,,,,,,,,1,1,1,1,1
HelpCountryTimePageSubmit,,,,,,,,,,,,,,1,1,1,1,1
HelpCountryTimeClickCount,,,,,,,,,,,,,,1,1,1,1,1
CelebrateXmas,,,,,,,,,,,,,,1,,,,
FarXmas1,,,,,,,,,,,,,,1,,,,
PrepXmas1,,,,,,,,,,,,,,1,,,,
QuickXmas,,,,,,,,,,,,,,1,,,,
FamilyXmas1,,,,,,,,,,,,,,1,,,,
ResponsibilityXmas,,,,,,,,,,,,,,1,,,,
ShareResponsibility1,,,,,,,,,,,,,,1,,,,
ConcernCovidXmas,,,,,,,,,,,,,,1,,,,
ConcernOtherXmas,,,,,,,,,,,,,,1,,,,
PerceptionRiskXmas,,,,,,,,,,,,,,1,,,,
InfectionSeverityXmas,,,,,,,,,,,,,,1,,,,
HowManyXmas,,,,,,,,,,,,,,1,,,,
NotHouseHoldXmas,,,,,,,,,,,,,,1,,,,
CancelXmas,,,,,,,,,,,,,,1,,,,
IOSXmas,,,,,,,,,,,,,,1,,,,
AnimalVirus1.1,,,,,,,,,,,,,,1,,,,
AnimalVirus1.2,,,,,,,,,,,,,,1,,,,
AnimalVirus1.3,,,,,,,,,,,,,,1,,,,
AnimalVirus1.4,,,,,,,,,,,,,,1,,,,
AnimalVirus1.5,,,,,,,,,,,,,,1,,,,
AnimalVirus2.1,,,,,,,,,,,,,,1,,,,
AnimalVirus2.2,,,,,,,,,,,,,,1,,,,
AnimalVirus2.3,,,,,,,,,,,,,,1,,,,
AnimalVirus2.4,,,,,,,,,,,,,,1,,,,
AnimalVirus2.5,,,,,,,,,,,,,,1,,,,
TerroristVirus1.1,,,,,,,,,,,,,,1,,,,
TerroristVirus1.2,,,,,,,,,,,,,,1,,,,
TerroristVirus1.3,,,,,,,,,,,,,,1,,,,
TerroristVirus1.4,,,,,,,,,,,,,,1,,,,
TerroristVirus1.5,,,,,,,,,,,,,,1,,,,
TerroristVirus2.1,,,,,,,,,,,,,,1,,,,
TerroristVirus2.2,,,,,,,,,,,,,,1,,,,
TerroristVirus2.3,,,,,,,,,,,,,,1,,,,
TerroristVirus2.4,,,,,,,,,,,,,,1,,,,
TerroristVirus2.5,,,,,,,,,,,,,,1,,,,
Believe90,,,,,,,,,,,,,,1,,,,
Believe50,,,,,,,,,,,,,,1,,,,
Believe10,,,,,,,,,,,,,,1,,,,
BelieveEnd,,,,,,,,,,,,,,1,,,,
ProtectiveEffort1,,,,,,,,,,,,,,1,,,,
ProtectiveEffort2,,,,,,,,,,,,,,1,,,,
ProtectiveEffort3,,,,,,,,,,,,,,1,,,,
ProtectiveEffort4,,,,,,,,,,,,,,1,,,,
ProtectiveEffort5,,,,,,,,,,,,,,1,,,,
Tired1,,,,,,,,,,,,,,1,1,1,1,1
Tired2,,,,,,,,,,,,,,1,1,1,1,1
Tired3,,,,,,,,,,,,,,1,1,1,1,1
Tired4,,,,,,,,,,,,,,1,1,1,1,1
Tired5,,,,,,,,,,,,,,1,1,1,1,1
GivenUp1,,,,,,,,,,,,,,1,1,1,1,1
GivenUp2,,,,,,,,,,,,,,1,1,1,1,1
GivenUp3,,,,,,,,,,,,,,1,1,1,1,1
GivenUp4,,,,,,,,,,,,,,1,1,1,1,1
GivenUp5,,,,,,,,,,,,,,1,1,1,1,1
ExistentialRiskOrder,,,,,,,,,,,,,,1,,,,
t14,1,1,1,1,1,1,1,1,1,1,1,1,1,1,1,,,
tot_t14,1,1,1,1,1,1,1,1,1,1,1,1,1,1,1,,,
t15,1,1,1,1,1,1,1,1,1,1,1,1,1,1,1,,,
tot_t15,1,1,1,1,1,1,1,1,1,1,1,1,1,1,1,,,
AppettitePandemic1,,,,,,,,,,,,,,,1,,,1
AppettitePandemic2,,,,,,,,,,,,,,,1,,,1
AppettitePandemic3,,,,,,,,,,,,,,,1,,,1
AppettitePandemic4,,,,,,,,,,,,,,,1,,,1
AppettitePandemic5,,,,,,,,,,,,,,,1,,,1
AppettitePandemic6,,,,,,,,,,,,,,,1,,,1
AppettitePastMonth1,,,,,,,,,,,,,,,1,,,1
AppettitePastMonth2,,,,,,,,,,,,,,,1,,,1
AppettitePastMonth3,,,,,,,,,,,,,,,1,,,1
AppettitePastMonth4,,,,,,,,,,,,,,,1,,,1
AppettitePastMonth6,,,,,,,,,,,,,,,1,,,1
AppettitePastMonth7,,,,,,,,,,,,,,,1,,,1
MoralCircles1,,,,,,,,,,,,,,,1,,,
MoralCircles2,,,,,,,,,,,,,,,1,,,
MoralCircles3,,,,,,,,,,,,,,,1,,,
MoralCircles4,,,,,,,,,,,,,,,1,,,
MoralCircles5,,,,,,,,,,,,,,,1,,,
MoralCircles6,,,,,,,,,,,,,,,1,,,
MoralCircles7,,,,,,,,,,,,,,,1,,,
MoralCircles8,,,,,,,,,,,,,,,1,,,
MoralCircles9,,,,,,,,,,,,,,,1,,,
MoralCircles10,,,,,,,,,,,,,,,1,,,
MoralCircles11,,,,,,,,,,,,,,,1,,,
MoralCircles12,,,,,,,,,,,,,,,1,,,
MoralCircles13,,,,,,,,,,,,,,,1,,,
MoralCircles14,,,,,,,,,,,,,,,1,,,
MoralCircles15,,,,,,,,,,,,,,,1,,,
MoralCircles16,,,,,,,,,,,,,,,1,,,
TravelMask1,,,,,,,,,,,,,,,,1,1,
TravelMask2,,,,,,,,,,,,,,,,1,1,
TravelMask3,,,,,,,,,,,,,,,,1,1,
GottenBooster,,,,,,,,,,,,,,,,1,1,1
SpeedTime1,,,,,,,,,,,,,,,,1,,
SpeedTime2,,,,,,,,,,,,,,,,1,,
SpeedTime3,,,,,,,,,,,,,,,,1,,
SpeedTime4,,,,,,,,,,,,,,,,1,,
SpeedTime5,,,,,,,,,,,,,,,,1,,
LengthTime1,,,,,,,,,,,,,,,,1,,
LengthTime2,,,,,,,,,,,,,,,,1,,
TimePassed1,,,,,,,,,,,,,,,,1,,
TimePassed2,,,,,,,,,,,,,,,,1,,
DescribeTime,,,,,,,,,,,,,,,,1,,
OptimismFutureLife1,,,,,,,,,,,,,,,,1,,
OptimismFutureLife2,,,,,,,,,,,,,,,,1,,
OptimismFutureLife3,,,,,,,,,,,,,,,,1,,
OptimismFutureLife4,,,,,,,,,,,,,,,,1,,
OptimismFutureLife5,,,,,,,,,,,,,,,,1,,
OptimismFutureLife6,,,,,,,,,,,,,,,,1,,
OptimismFutureLife7,,,,,,,,,,,,,,,,1,,
OptimismFutureLife8,,,,,,,,,,,,,,,,1,,
OptimismFutureWorld1,,,,,,,,,,,,,,,,1,,
OptimismFutureWorld2,,,,,,,,,,,,,,,,1,,
OptimismFutureWorld3,,,,,,,,,,,,,,,,1,,
OptimismFutureWorld4,,,,,,,,,,,,,,,,1,,
OptimismFutureWorld5,,,,,,,,,,,,,,,,1,,
OptimismFutureWorld6,,,,,,,,,,,,,,,,1,,
OptimismFutureWorld7,,,,,,,,,,,,,,,,1,,
OptimismFutureWorld8,,,,,,,,,,,,,,,,1,,
OptimismFutureWorld9,,,,,,,,,,,,,,,,1,,
TemporalFocus1,,,,,,,,,,,,,,,,1,,
TemporalFocus2,,,,,,,,,,,,,,,,1,,
TemporalFocus3,,,,,,,,,,,,,,,,1,,
TemporalFocus4,,,,,,,,,,,,,,,,1,,
TemporalFocus5,,,,,,,,,,,,,,,,1,,
TemporalFocus6,,,,,,,,,,,,,,,,1,,
TemporalFocus7,,,,,,,,,,,,,,,,1,,
TemporalFocus8,,,,,,,,,,,,,,,,1,,
TemporalFocus9,,,,,,,,,,,,,,,,1,,
TemporalFocus10,,,,,,,,,,,,,,,,1,,
TemporalFocus11,,,,,,,,,,,,,,,,1,,
TemporalFocus12,,,,,,,,,,,,,,,,1,,
CurrentEmotion1,,,,,,,,,,,,,,,,1,,
CurrentEmotion2,,,,,,,,,,,,,,,,1,,
CurrentEmotion3,,,,,,,,,,,,,,,,1,,
CurrentEmotion4,,,,,,,,,,,,,,,,1,,
CurrentEmotion5,,,,,,,,,,,,,,,,1,,
CurrentEmotion6,,,,,,,,,,,,,,,,1,,
CurrentEmotion7,,,,,,,,,,,,,,,,1,,
CurrentEmotion8,,,,,,,,,,,,,,,,1,,
CurrentEmotion9,,,,,,,,,,,,,,,,1,,
BeforeEmotion1,,,,,,,,,,,,,,,,1,,
BeforeEmotion2,,,,,,,,,,,,,,,,1,,
BeforeEmotion3,,,,,,,,,,,,,,,,1,,
BeforeEmotion4,,,,,,,,,,,,,,,,1,,
BeforeEmotion5,,,,,,,,,,,,,,,,1,,
BeforeEmotion6,,,,,,,,,,,,,,,,1,,
BeforeEmotion7,,,,,,,,,,,,,,,,1,,
BeforeEmotion8,,,,,,,,,,,,,,,,1,,
BeforeEmotion9,,,,,,,,,,,,,,,,1,,
AgentVScomm1,,,,,,,,,,,,,,,,1,,
AgentVScomm2,,,,,,,,,,,,,,,,1,,
AgentVScomm3,,,,,,,,,,,,,,,,1,,
AgentVScomm4,,,,,,,,,,,,,,,,1,,
AgentVScomm5,,,,,,,,,,,,,,,,1,,
AgentVScomm6,,,,,,,,,,,,,,,,1,,
AgentVScomm7,,,,,,,,,,,,,,,,1,,
AgentVScomm8,,,,,,,,,,,,,,,,1,,
AgentVScomm9,,,,,,,,,,,,,,,,1,,
AgentVScomm10,,,,,,,,,,,,,,,,1,,
AgentVScomm11,,,,,,,,,,,,,,,,1,,
AgentVScomm12,,,,,,,,,,,,,,,,1,,
AgentVScomm13,,,,,,,,,,,,,,,,1,,
AgentVScomm14,,,,,,,,,,,,,,,,1,,
AgentVScomm15,,,,,,,,,,,,,,,,1,,
AgentVScomm16,,,,,,,,,,,,,,,,1,,
AgentVScomm17,,,,,,,,,,,,,,,,1,,
AgentVScomm18,,,,,,,,,,,,,,,,1,,
AgentVScomm19,,,,,,,,,,,,,,,,1,,
AgentVScomm20,,,,,,,,,,,,,,,,1,,
AgentVScomm21,,,,,,,,,,,,,,,,1,,
AgentVScomm22,,,,,,,,,,,,,,,,1,,
AgentVScomm23,,,,,,,,,,,,,,,,1,,
Status1,,,,,,,,,,,,,,,,1,,
Status2,,,,,,,,,,,,,,,,1,,
Status3,,,,,,,,,,,,,,,,1,,
Status4,,,,,,,,,,,,,,,,1,,
Status5,,,,,,,,,,,,,,,,1,,
Status6,,,,,,,,,,,,,,,,1,,
Status7,,,,,,,,,,,,,,,,1,,
Status8,,,,,,,,,,,,,,,,1,,
Status9,,,,,,,,,,,,,,,,1,,
Status10,,,,,,,,,,,,,,,,1,,
Status11,,,,,,,,,,,,,,,,1,,
Status12,,,,,,,,,,,,,,,,1,,
Status13,,,,,,,,,,,,,,,,1,,
Status14,,,,,,,,,,,,,,,,1,,
Status15,,,,,,,,,,,,,,,,1,,
Status16,,,,,,,,,,,,,,,,1,,
Status17,,,,,,,,,,,,,,,,1,,
Hope1,,,,,,,,,,,,,,,,1,,
Hope2,,,,,,,,,,,,,,,,1,,
Hope3,,,,,,,,,,,,,,,,1,,
Hope4,,,,,,,,,,,,,,,,1,,
Hope5,,,,,,,,,,,,,,,,1,,
Hope6,,,,,,,,,,,,,,,,1,,
Flourishing1,,,,,,,,,,,,,,,,1,,
Flourishing2,,,,,,,,,,,,,,,,1,,
Flourishing3,,,,,,,,,,,,,,,,1,,
Flourishing4,,,,,,,,,,,,,,,,1,,
Flourishing5,,,,,,,,,,,,,,,,1,,
Flourishing6,,,,,,,,,,,,,,,,1,,
Flourishing7,,,,,,,,,,,,,,,,1,,
Flourishing8,,,,,,,,,,,,,,,,1,,
Flourishing9,,,,,,,,,,,,,,,,1,,
Flourishing10,,,,,,,,,,,,,,,,1,,
Flourishing11,,,,,,,,,,,,,,,,1,,
Flourishing12,,,,,,,,,,,,,,,,1,,
Dominance,,,,,,,,,,,,,,,,1,,
Prestige,,,,,,,,,,,,,,,,1,,
AgenticGoal,,,,,,,,,,,,,,,,1,,
CommunalGoal,,,,,,,,,,,,,,,,1,,
PastFocus,,,,,,,,,,,,,,,,1,,
PresentFocus,,,,,,,,,,,,,,,,1,,
FutureFocus,,,,,,,,,,,,,,,,1,,
HopeAgency,,,,,,,,,,,,,,,,1,,
HopePathways,,,,,,,,,,,,,,,,1,,
StateHopeTotal,,,,,,,,,,,,,,,,1,,
RecentContactsInfect,,,,,,,,,,,,,,,,,1,1
PerceptionRiskNow,,,,,,,,,,,,,,,,,1,1
InfectionSeverityNow,,,,,,,,,,,,,,,,,1,1
Efficacy1,,,,,,,,,,,,,,,,,1,
Efficacy2,,,,,,,,,,,,,,,,,1,
Efficacy3,,,,,,,,,,,,,,,,,1,
Efficacy4,,,,,,,,,,,,,,,,,1,
Efficacy5,,,,,,,,,,,,,,,,,1,
Efficacy6,,,,,,,,,,,,,,,,,1,
Efficacy7,,,,,,,,,,,,,,,,,1,
Efficacy8,,,,,,,,,,,,,,,,,1,
Efficacy9,,,,,,,,,,,,,,,,,1,
Efficacy10,,,,,,,,,,,,,,,,,1,
Efficacy11,,,,,,,,,,,,,,,,,1,
Efficacy12,,,,,,,,,,,,,,,,,1,
Efficacy13,,,,,,,,,,,,,,,,,1,
Efficacy14,,,,,,,,,,,,,,,,,1,
Efficacy15,,,,,,,,,,,,,,,,,1,
Efficacy16,,,,,,,,,,,,,,,,,1,
Efficacy17,,,,,,,,,,,,,,,,,1,
Efficacy18,,,,,,,,,,,,,,,,,1,
Efficacy19,,,,,,,,,,,,,,,,,1,
Efficacy20,,,,,,,,,,,,,,,,,1,
Efficacy21,,,,,,,,,,,,,,,,,1,
Efficacy22,,,,,,,,,,,,,,,,,1,
Efficacy23,,,,,,,,,,,,,,,,,1,
Efficacy24,,,,,,,,,,,,,,,,,1,
Efficacy25,,,,,,,,,,,,,,,,,1,
Efficacy26,,,,,,,,,,,,,,,,,1,
Efficacy27,,,,,,,,,,,,,,,,,1,
Efficacy28,,,,,,,,,,,,,,,,,1,
Efficacy29,,,,,,,,,,,,,,,,,1,
Efficacy30,,,,,,,,,,,,,,,,,1,
Efficacy31,,,,,,,,,,,,,,,,,1,
Efficacy32,,,,,,,,,,,,,,,,,1,
HelpYou,,,,,,,,,,,,,,,,,,1
HelpChild,,,,,,,,,,,,,,,,,,1
HelpDog,,,,,,,,,,,,,,,,,,1
HelpPig,,,,,,,,,,,,,,,,,,1
NewPandemic1,,,,,,,,,,,,,,,,,,1
NewPandemic2,,,,,,,,,,,,,,,,,,1
Asteroid6,,,,,,,,,,,,,,,,,,1
Asteroid7,,,,,,,,,,,,,,,,,,1
HaveKid,,,,,,,,,,,,,,,,,,1
HadDog,,,,,,,,,,,,,,,,,,1
RiskHearings,,,,,,,,,,,,,,,,,,1
UncontrollableRisk1,,,,,,,,,,,,,,,,,,1
UncontrollableRisk2,,,,,,,,,,,,,,,,,,1
UncontrollableRisk3,,,,,,,,,,,,,,,,,,1
EffortSurvival,,,,,,,,,,,,,,,,,,1
ImportantSurvive,,,,,,,,,,,,,,,,,,1
DisplayOrder.Disease(Block1),,,,,,,,,,,,,,,,,,1
DisplayOrder.Risks(Block2),,,,,,,,,,,,,,,,,,1
DisplayOrder.Newpandemic(Block2),,,,,,,,,,,,,,,,,,1
DisplayOrder.Asteroid(Block2),,,,,,,,,,,,,,,,,,1
DisplayOrder.HelpChild(Block1),,,,,,,,,,,,,,,,,,1
DisplayOrder.HelpYou(Block1),,,,,,,,,,,,,,,,,,1
DisplayOrder.HelpDog(Block1),,,,,,,,,,,,,,,,,,1
DisplayOrder.HelpPig(Block1),,,,,,,,,,,,,,,,,,1
