Name,t1,t2,t3,t4,t5,t6,t7,t8,t9,t10,t11,t12,t13,t14,t15,t16,t17,t18
Age,1,1,1,1,1,1,1,1,1,1,1,1,1,1,1,1,1,1
Sex,1,0,0,0,0,0,0,0,0,0,0,0,0,0,0,0,0,0
Children,1,0,0,0,0,0,0,0,0,0,0,0,0,0,0,0,0,0
ChildrenUnder18,1,0,0,0,0,0,0,0,0,0,0,0,0,0,0,0,0,0
Education,1,0,0,0,0,0,0,0,0,0,0,0,0,0,0,0,0,0
Feet,0,0,0,0,0,0,1,1,0,0,0,1,0,0,0,0,0,0
Inches,0,0,0,0,0,0,1,1,0,0,0,1,0,0,0,0,0,0
Weight,0,0,0,0,0,0,1,1,0,0,0,1,0,0,0,0,0,0
FeetToInches,0,0,0,0,0,0,1,1,0,0,0,0,0,0,0,0,0,0
InchesTotal,0,0,0,0,0,0,1,1,0,0,0,0,0,0,0,0,0,0
Height,0,0,0,0,0,0,1,1,0,0,0,1,0,0,0,0,0,0
SSES,1,0,0,0,0,1,0,0,0,0,0,1,0,0,1,0,0,1
Ethnicity,1,0,0,0,0,0,0,0,0,0,0,0,0,0,0,0,0,0
Occupation,1,0,0,0,0,0,0,0,0,0,0,0,0,0,0,0,0,0
OccupationRisk,1,0,0,0,0,0,0,0,0,0,0,0,0,0,0,0,0,0
Zip,1,0,0,0,0,0,0,0,0,0,0,0,0,0,0,0,0,0
State,0,0,1,0,0,0,0,0,0,0,0,0,0,0,0,0,0,0
CountryBorn,1,0,0,0,0,0,0,0,0,0,0,0,0,0,0,0,0,0
County,0,0,1,0,0,0,0,0,0,0,0,0,0,0,0,0,0,0
MoveChildhood,1,0,0,0,0,0,0,0,0,0,0,0,0,0,0,0,0,0
Move,1,0,0,0,0,0,0,0,0,0,0,0,0,0,0,0,0,0
LivingSituation,1,0,0,0,0,0,0,0,0,0,0,0,0,0,0,0,0,0
LivingChange,1,0,0,0,0,0,0,0,0,0,0,0,0,0,0,0,0,0
Preexisting,1,0,0,0,0,0,0,0,0,0,0,0,0,0,0,0,0,0
PreexistingWhat,1,0,0,0,0,0,0,0,0,0,0,0,0,0,0,0,0,0
NumberInHouse,1,0,0,0,0,0,0,0,0,0,0,0,0,0,0,0,0,0
Responsible,0,1,0,0,0,0,0,0,0,0,0,0,0,0,0,0,0,0
CurrentHrlyWrk,0,0,0,0,0,0,0,0,0,1,0,1,0,0,0,0,0,0
HrlyWrkMonthAgo,0,0,0,0,0,0,0,0,0,1,0,0,0,0,0,0,0,0
VaccineWork,0,0,0,0,0,0,0,0,1,0,0,1,0,0,0,0,0,0
VaccineEncouraged,0,0,0,0,0,0,0,0,1,0,0,1,0,0,0,0,0,0
TimeOffForVaccine,0,0,0,0,0,0,0,0,0,0,0,1,0,0,0,0,0,0
JobRiskCovid,0,0,0,0,0,0,0,0,0,0,0,1,0,0,0,0,0,0
WorkHome,0,0,0,0,0,0,0,1,0,0,0,0,0,0,0,0,0,0
PerceptionRisk,1,1,1,1,1,1,1,1,1,1,1,1,1,1,1,1,1,1
InfectionSeverity,1,1,1,1,1,1,1,1,1,1,1,1,1,1,1,1,1,1
ConcernCovid,1,1,1,1,1,1,1,1,1,1,1,1,1,1,1,1,1,1
Stress,1,1,1,1,1,1,1,1,1,1,1,1,1,1,1,1,1,1
Back2Normal,1,1,1,1,1,1,1,1,1,1,1,1,1,1,1,1,1,1
ConditionsChange,1,1,1,1,1,1,1,1,1,1,1,1,1,1,1,1,1,1
ElectionBck2Normal,1,1,0,0,0,0,0,0,0,0,0,0,0,0,0,0,0,0
VaccineStatus,0,0,0,0,0,0,0,0,1,0,0,0,0,0,0,0,0,0
ReceiveVaccine,0,0,0,0,1,1,0,0,0,0,0,0,0,0,0,0,0,0
VaccineHealth,0,0,0,0,1,0,0,0,0,0,0,0,0,0,0,0,0,0
VaccineOtherHealth,0,0,0,0,1,0,0,0,0,0,0,0,0,0,0,0,0,0
Vaccine,1,1,1,1,1,1,1,1,1,1,1,1,1,0,0,0,0,0
TrustVaccine,1,1,1,1,1,1,1,1,1,1,1,1,1,0,0,0,0,0
USvaccine,0,0,1,1,1,1,1,1,1,1,1,1,1,0,0,0,0,0
VaccineUSRightThing,0,0,0,0,0,1,0,1,1,1,1,1,0,0,0,0,0,0
VaccineLocalArea,0,0,0,0,0,0,1,1,1,1,1,1,0,0,0,0,0,0
VaccineLocalRightThing,0,0,0,0,0,0,1,1,1,1,1,1,0,0,0,0,0,0
ThinkVaccinated,0,0,0,0,0,0,0,1,0,0,0,0,0,0,0,0,0,0
TimeToVaccine,0,0,1,0,1,1,1,1,1,1,1,1,1,0,0,0,0,0
TimeToVaccineOld,0,0,0,1,0,0,0,0,0,0,0,0,0,0,0,0,0,0
GottenBooster,0,0,0,0,0,0,0,0,0,0,0,0,0,0,0,1,1,1
Booster,0,0,0,0,0,0,0,0,0,0,0,0,1,1,1,1,1,1
TrustBooster,0,0,0,0,0,0,0,0,0,0,0,0,1,1,1,1,1,1
RecommendBooster,0,0,0,0,0,0,0,0,0,0,0,0,1,1,1,1,1,1
BoosterLocalArea,0,0,0,0,0,0,0,0,0,0,0,0,1,1,1,1,1,1
BoosterUS,0,0,0,0,0,0,0,0,0,0,0,0,0,1,1,1,1,1
VaccineAttitudes1,0,0,0,0,0,0,0,1,0,0,0,0,0,0,0,0,0,0
VaccineAttitudes2,0,0,0,0,0,0,0,1,0,0,0,0,0,0,0,0,0,0
VaccineAttitudes3,0,0,0,0,0,0,0,1,0,0,0,0,0,0,0,0,0,0
VaccineAttitudes4,0,0,0,0,0,0,0,1,0,0,0,0,0,0,0,0,0,0
VaccineSafety1,0,0,0,0,1,1,0,0,0,0,0,0,0,0,0,0,0,0
VaccineSafety2,0,0,0,0,1,1,0,0,0,0,0,0,0,0,0,0,0,0
VaccineSafety3,0,0,0,0,1,1,0,0,0,0,0,0,0,0,0,0,0,0
ConcernAlterDNA,0,0,0,0,0,0,0,1,0,0,0,0,0,0,0,0,0,0
VaccineTV,0,0,0,0,1,0,0,0,0,0,0,0,0,0,0,0,0,0
VaccinePeers,0,0,0,0,1,0,0,0,0,0,0,0,0,0,0,0,0,0
AfterVaccineNormal,0,0,0,0,1,0,0,0,0,0,0,0,0,0,0,0,0,0
DecisionMask1,0,0,0,0,0,0,1,1,0,0,0,0,0,0,0,0,0,0
DecisionMask2,0,0,0,0,0,0,1,1,0,0,0,0,0,0,0,0,0,0
DecisionMask3,0,0,0,0,0,0,1,1,0,0,0,0,0,0,0,0,0,0
DecisionMask4,0,0,0,0,0,0,1,1,0,0,0,0,0,0,0,0,0,0
VaccineRisk1,0,0,0,0,1,0,0,0,0,0,0,0,0,0,0,0,0,0
VaccineRisk2,0,0,0,0,1,0,0,0,0,0,0,0,0,0,0,0,0,0
PostVaccineBehavior1,0,0,0,1,0,0,0,0,0,0,0,0,0,0,0,0,0,0
PostVaccineBehavior2,0,0,0,1,0,0,0,0,0,0,0,0,0,0,0,0,0,0
PostVaccineBehavior3,0,0,0,1,0,0,0,0,0,0,0,0,0,0,0,0,0,0
PostVaccineBehavior4,0,0,0,1,0,0,0,0,0,0,0,0,0,0,0,0,0,0
PostVaccineBehavior5,0,0,0,1,0,0,0,0,0,0,0,0,0,0,0,0,0,0
PostVaccineBehavior6,0,0,0,1,0,0,0,0,0,0,0,0,0,0,0,0,0,0
PFINeigh1,1,1,1,1,1,1,1,1,1,1,1,1,1,1,1,1,1,1
PFINeigh2,1,1,1,1,1,1,1,1,1,1,1,1,1,1,1,1,1,1
PFINeigh3,1,1,1,1,1,1,1,1,1,1,1,1,1,1,1,1,1,1
PFINeigh4,1,1,1,1,1,1,1,1,1,1,1,1,1,1,1,1,1,1
PFINeigh5,1,1,1,1,1,1,1,1,1,1,1,1,1,1,1,1,1,1
PFINeigh6,1,1,1,1,1,1,1,1,1,1,1,1,1,1,1,1,1,1
WillingnessNeigh,1,1,1,1,1,1,1,1,1,1,1,1,1,1,1,1,1,1
NBTneigh,1,1,1,1,1,1,1,1,1,1,1,1,1,1,1,1,1,1
PFIcountry1,1,1,1,1,1,1,1,1,1,1,1,1,1,1,1,1,1,1
PFIcountry2,1,1,1,1,1,1,1,1,1,1,1,1,1,1,1,1,1,1
PFIcountry3,1,1,1,1,1,1,1,1,1,1,1,1,1,1,1,1,1,1
PFIcountry4,1,1,1,1,1,1,1,1,1,1,1,1,1,1,1,1,1,1
PFIcountry5,1,1,1,1,1,1,1,1,1,1,1,1,1,1,1,1,1,1
PFIcountry6,1,1,1,1,1,1,1,1,1,1,1,1,1,1,1,1,1,1
WillingnessCountry,1,1,1,1,1,1,1,1,1,1,1,1,1,1,1,1,1,1
NBTcountry,1,1,1,1,1,1,1,1,1,1,1,1,1,1,1,1,1,1
TimeSpentOthers,1,1,1,1,1,1,1,1,1,1,1,1,1,1,1,1,1,1
ShopBF,0,0,1,0,0,0,0,0,0,0,0,0,0,0,0,0,0,0
MaskBF,0,0,1,0,0,0,0,0,0,0,0,0,0,0,0,0,0,0
MoneyDonated,1,1,1,1,1,1,1,1,1,1,1,1,1,1,1,1,1,1
CovidVolunteer,1,0,0,0,0,0,0,0,0,0,0,0,0,0,0,0,0,0
InfectedCovid,1,1,1,1,1,1,1,1,1,1,1,1,1,1,1,1,1,1
WeekSinceCovid,1,1,1,1,1,1,1,1,1,1,1,1,1,1,1,1,1,1
TestedCovid,1,1,1,1,1,1,1,1,1,1,1,1,1,1,1,1,1,1
TimesHadCovid,0,0,0,0,0,0,0,0,0,0,0,0,0,0,0,1,1,1
ContactsInfected,1,1,1,1,1,1,1,1,1,1,1,1,1,1,1,1,1,1
Contacts24hrs,1,1,1,1,1,1,1,1,1,1,1,1,1,1,1,1,1,1
Contacts7days,0,1,1,1,1,1,1,1,1,1,1,1,1,1,1,1,1,1
ContactsMask,1,1,1,1,1,1,1,1,1,1,1,1,1,1,1,1,1,1
HouseMask,1,1,1,1,1,1,1,1,1,1,1,1,1,1,1,1,1,1
Symptoms1,1,1,1,1,1,1,1,1,1,1,1,1,1,1,1,0,0,0
Symptoms2,1,1,1,1,1,1,1,1,1,1,1,1,1,1,1,0,0,0
Symptoms3,1,1,1,1,1,1,1,1,1,1,1,1,1,1,1,0,0,0
Symptoms4,1,1,1,1,1,1,1,1,1,1,1,1,1,1,1,0,0,0
Symptoms5,1,1,1,1,1,1,1,1,1,1,1,1,1,1,1,0,0,0
Symptoms6,1,1,1,1,1,1,1,1,1,1,1,1,1,1,1,0,0,0
Symptoms7,1,1,1,1,1,1,1,1,1,1,1,1,1,1,1,0,0,0
Symptoms8,1,1,1,1,1,1,1,1,1,1,1,1,1,1,1,0,0,0
Symptoms9,1,1,1,1,1,1,1,1,1,1,1,1,1,1,1,0,0,0
Symptoms10,1,1,1,1,1,1,1,1,1,1,1,1,1,1,1,0,0,0
Symptoms11,1,1,1,1,1,1,1,1,1,1,1,1,1,1,1,0,0,0
Symptoms12,0,1,1,1,1,1,1,1,1,1,1,1,1,1,1,0,0,0
Symptoms13,0,1,1,1,1,1,1,1,1,1,1,1,1,1,1,0,0,0
MaskAttitudes1,1,1,0,1,0,1,0,0,1,0,0,1,1,0,0,0,1,0
MaskAttitudes2,1,1,0,1,0,1,0,0,1,0,0,1,1,0,0,0,1,0
MaskAttitudes3,1,1,0,1,0,1,0,0,1,0,0,1,1,0,0,0,1,0
MaskAttitudes4,1,1,0,1,0,1,0,0,1,0,0,1,1,0,0,0,1,0
MaskAttitudes5,1,1,0,1,0,1,0,0,1,0,0,1,1,0,0,0,1,0
MaskAttitudes6,1,1,0,1,0,1,0,0,1,0,0,1,1,0,0,0,1,0
MaskMotives1,0,1,0,1,1,0,1,0,1,0,1,0,1,1,1,1,1,1
MaskMotives2,0,1,0,1,1,0,1,0,1,0,1,0,1,1,1,1,1,1
MaskMotives3,0,1,0,1,1,0,1,0,1,0,1,0,1,1,1,1,1,1
NeighborMask,1,0,0,0,0,0,0,0,0,0,0,0,0,0,0,0,0,0
NeighborMask1,0,1,1,0,1,0,0,0,1,0,1,0,1,1,1,1,1,1
NeighborMask2,0,1,1,0,1,0,0,0,1,0,1,0,1,1,1,1,1,1
MaskMandate,0,0,0,0,0,0,0,0,1,0,0,0,0,0,0,0,0,0
MaskMandates1,0,0,0,0,0,0,0,0,1,0,0,0,0,0,0,0,0,0
MaskMandates2,0,0,0,0,0,0,0,0,1,0,0,0,0,0,0,0,0,0
MaskMandates3,0,0,0,0,0,0,0,0,1,0,0,0,0,0,0,0,0,0
Reason4mask,0,0,0,0,0,0,0,0,1,0,0,0,0,0,0,0,0,0
TravelMask1,0,0,0,0,0,0,0,0,0,0,0,0,0,0,0,1,1,0
TravelMask2,0,0,0,0,0,0,0,0,0,0,0,0,0,0,0,1,1,0
TravelMask3,0,0,0,0,0,0,0,0,0,0,0,0,0,0,0,1,1,0
MaskTrust,1,1,0,1,0,1,0,0,1,0,0,1,1,0,0,0,1,0
MaskIntelligence,1,1,0,1,0,1,0,0,1,0,0,1,1,0,0,0,1,0
HelpGiven1,1,1,1,1,1,1,1,1,1,1,1,1,1,0,1,0,0,1
HelpGiven2,1,1,1,1,1,1,1,1,1,1,1,1,1,0,1,0,0,1
HelpGiven3,1,1,1,1,1,1,1,1,1,1,1,1,1,0,1,0,0,1
HelpGiven4,1,1,1,1,1,1,1,1,1,1,1,1,1,0,1,0,0,1
HelpGiven5,1,1,1,1,1,1,1,1,1,1,1,1,1,0,1,0,0,1
HelpGiven6,1,1,1,1,1,1,1,1,1,1,1,1,1,0,1,0,0,1
ReasonHelp,0,0,1,1,1,1,1,1,1,1,1,1,1,0,1,0,0,1
ReasonHelpOld,1,1,0,0,0,0,0,0,0,0,0,0,0,0,0,0,0,0
ReasonHelpTEXT,1,0,0,0,0,0,0,0,0,0,0,0,0,0,0,0,0,0
PersonHelped,0,0,1,1,1,1,1,1,1,1,1,1,1,0,1,0,0,1
PersonHelpedFamily,0,0,1,1,1,1,1,1,1,1,1,1,1,0,1,0,0,0
EmpathyState1,1,1,1,1,1,1,1,1,1,1,1,1,1,0,1,0,0,1
EmpathyState2,1,1,1,1,1,1,1,1,1,1,1,1,1,0,1,0,0,1
EmpathyState3,1,1,1,1,1,1,1,1,1,1,1,1,1,0,1,0,0,1
EmpathyState4,1,1,1,1,1,1,1,1,1,1,1,1,1,0,1,0,0,1
TimeSinceHelp,0,0,0,0,0,1,1,1,1,1,1,1,1,0,1,0,0,1
TimeSinceHelpOld,0,1,1,1,1,0,0,0,0,0,0,0,0,0,0,0,0,0
TimeSinceHelpOlder,1,0,0,0,0,0,0,0,0,0,0,0,0,0,0,0,0,0
ElicitHelp,1,0,0,0,0,0,0,0,0,0,0,0,0,0,0,0,0,0
ElicitHelpText,1,0,0,0,0,0,0,0,0,0,0,0,0,0,0,0,0,0
HelpReceived1,1,1,1,1,1,1,1,1,1,1,1,1,1,0,1,0,0,1
HelpReceived2,1,1,1,1,1,1,1,1,1,1,1,1,1,0,1,0,0,1
HelpReceived3,1,1,1,1,1,1,1,1,1,1,1,1,1,0,1,0,0,1
HelpReceived4,1,1,1,1,1,1,1,1,1,1,1,1,1,0,1,0,0,1
HelpReceived5,1,1,1,1,1,1,1,1,1,1,1,1,1,0,1,0,0,1
HelpReceived6,1,1,1,1,1,1,1,1,1,1,1,1,1,0,1,0,0,1
MutualAidGroup,1,0,0,0,0,0,0,0,0,0,0,0,0,0,0,0,0,0
CFCset1.1,1,0,1,0,1,0,1,0,1,0,0,0,0,0,0,0,0,0
CFCset1.2,1,0,1,0,1,0,1,0,1,0,0,0,0,0,0,0,0,0
CFCset1.3,1,0,1,0,1,0,1,0,1,0,0,0,0,0,0,0,0,0
CFCset1.4,1,0,1,0,1,0,1,0,1,0,0,0,0,0,0,0,0,0
CFCset1.5,1,0,1,0,1,0,1,0,1,0,0,0,0,0,0,0,0,0
CFCset1.6,1,0,1,0,1,0,1,0,1,0,0,0,0,0,0,0,0,0
CFCset1.7,1,0,1,0,1,0,1,0,1,0,0,0,0,0,0,0,0,0
CFCset2.1,1,0,1,0,1,0,1,0,1,0,0,0,0,0,0,0,0,0
CFCset2.2,1,0,1,0,1,0,1,0,1,0,0,0,0,0,0,0,0,0
CFCset2.3,1,0,1,0,1,0,1,0,1,0,0,0,0,0,0,0,0,0
CFCset2.4,1,0,1,0,1,0,1,0,1,0,0,0,0,0,0,0,0,0
CFCset2.5,1,0,1,0,1,0,1,0,1,0,0,0,0,0,0,0,0,0
CFCset2.6,1,0,1,0,1,0,1,0,1,0,0,0,0,0,0,0,0,0
CFCset2.7,1,0,1,0,1,0,1,0,1,0,0,0,0,0,0,0,0,0
Discounting1,1,0,1,0,1,0,0,0,0,0,0,0,0,0,0,0,0,0
Discounting2,1,0,1,0,1,0,0,0,0,0,0,0,0,0,0,0,0,0
Discounting3,1,0,1,0,1,0,0,0,0,0,0,0,0,0,0,0,0,0
Discounting4,1,0,1,0,1,0,0,0,0,0,0,0,0,0,0,0,0,0
Discounting5,1,0,1,0,1,0,0,0,0,0,0,0,0,0,0,0,0,0
Discounting6,1,0,1,0,1,0,0,0,0,0,0,0,0,0,0,0,0,0
Discounting7,1,0,1,0,1,0,0,0,0,0,0,0,0,0,0,0,0,0
Discounting8,1,0,1,0,1,0,0,0,0,0,0,0,0,0,0,0,0,0
Discounting9,1,0,1,0,1,0,0,0,0,0,0,0,0,0,0,0,0,0
Discounting10,1,0,1,0,1,0,0,0,0,0,0,0,0,0,0,0,0,0
Discounting11,1,0,1,0,1,0,0,0,0,0,0,0,0,0,0,0,0,0
Discounting12,1,0,1,0,1,0,0,0,0,0,0,0,0,0,0,0,0,0
Discounting13,1,0,1,0,1,0,0,0,0,0,0,0,0,0,0,0,0,0
Discounting14,1,0,1,0,1,0,0,0,0,0,0,0,0,0,0,0,0,0
Discounting15,1,0,1,0,1,0,0,0,0,0,0,0,0,0,0,0,0,0
Discounting16,1,0,1,0,1,0,0,0,0,0,0,0,0,0,0,0,0,0
Discounting17,1,0,1,0,1,0,0,0,0,0,0,0,0,0,0,0,0,0
Discounting18,1,0,1,0,1,0,0,0,0,0,0,0,0,0,0,0,0,0
Discounting19,1,0,1,0,1,0,0,0,0,0,0,0,0,0,0,0,0,0
Discounting20,1,0,1,0,1,0,0,0,0,0,0,0,0,0,0,0,0,0
Discounting21,1,0,1,0,1,0,0,0,0,0,0,0,0,0,0,0,0,0
Discounting22,1,0,1,0,1,0,0,0,0,0,0,0,0,0,0,0,0,0
Discounting23,1,0,1,0,1,0,0,0,0,0,0,0,0,0,0,0,0,0
Discounting24,1,0,1,0,1,0,0,0,0,0,0,0,0,0,0,0,0,0
Discounting25,1,0,1,0,1,0,0,0,0,0,0,0,0,0,0,0,0,0
Discounting26,1,0,1,0,1,0,0,0,0,0,0,0,0,0,0,0,0,0
Discounting27,1,0,1,0,1,0,0,0,0,0,0,0,0,0,0,0,0,0
EconomyVSshutdown,1,1,0,0,0,0,0,0,0,0,0,0,0,0,0,0,0,0
Predictability1,1,0,0,0,0,0,0,0,0,0,0,0,0,0,0,0,0,0
Predictability2,1,0,0,0,0,0,0,0,0,0,0,0,0,0,0,0,0,0
Predictability3,1,0,0,0,0,0,0,0,0,0,0,0,0,0,0,0,0,0
Predictability4,1,0,0,0,0,0,0,0,0,0,0,0,0,0,0,0,0,0
Predictability5,1,0,0,0,0,0,0,0,0,0,0,0,0,0,0,0,0,0
Predictability6,1,0,0,0,0,0,0,0,0,0,0,0,0,0,0,0,0,0
Predictability7,1,0,0,0,0,0,0,0,0,0,0,0,0,0,0,0,0,0
Expectation1,1,0,0,0,0,0,0,0,0,0,0,0,0,0,0,0,0,0
Expectation2,1,0,0,0,0,0,0,0,0,0,0,0,0,0,0,0,0,0
Expectation3,1,0,0,0,0,0,0,0,0,0,0,0,0,0,0,0,0,0
Expectation4,1,0,0,0,0,0,0,0,0,0,0,0,0,0,0,0,0,0
Expectation5,1,0,0,0,0,0,0,0,0,0,0,0,0,0,0,0,0,0
Expectation6,1,0,0,0,0,0,0,0,0,0,0,0,0,0,0,0,0,0
Expectation7,1,0,0,0,0,0,0,0,0,0,0,0,0,0,0,0,0,0
Challenges1,1,0,0,0,0,0,0,0,0,0,0,1,0,0,0,0,0,0
Challenges2,1,0,0,0,0,0,0,0,0,0,0,1,0,0,0,0,0,0
Challenges3,1,0,0,0,0,0,0,0,0,0,0,1,0,0,0,0,0,0
Challenges4,1,0,0,0,0,0,0,0,0,0,0,1,0,0,0,0,0,0
Challenges5,1,0,0,0,0,0,0,0,0,0,0,1,0,0,0,0,0,0
Challenges6,1,0,0,0,0,0,0,0,0,0,0,1,0,0,0,0,0,0
IRIconcern1,1,0,0,0,0,0,0,0,0,0,0,1,0,0,1,0,0,1
IRIconcern2,1,0,0,0,0,0,0,0,0,0,0,1,0,0,1,0,0,1
IRIconcern3,1,0,0,0,0,0,0,0,0,0,0,1,0,0,1,0,0,1
IRIconcern4,1,0,0,0,0,0,0,0,0,0,0,1,0,0,1,0,0,1
IRIconcern5,1,0,0,0,0,0,0,0,0,0,0,1,0,0,1,0,0,1
IRIconcern6,1,0,0,0,0,0,0,0,0,0,0,1,0,0,1,0,0,1
IRIdistress1,1,0,0,0,0,0,0,0,0,0,0,1,0,0,1,0,0,1
IRIdistress2,1,0,0,0,0,0,0,0,0,0,0,1,0,0,1,0,0,1
IRIdistress3,1,0,0,0,0,0,0,0,0,0,0,1,0,0,1,0,0,1
IRIdistress4,1,0,0,0,0,0,0,0,0,0,0,1,0,0,1,0,0,1
IRIdistress5,1,0,0,0,0,0,0,0,0,0,0,1,0,0,1,0,0,1
IRIdistress6,1,0,0,0,0,0,0,0,0,0,0,1,0,0,1,0,0,1
IRIdistress7,1,0,0,0,0,0,0,0,0,0,0,1,0,0,1,0,0,1
FinancialHardship,1,1,1,0,1,0,1,0,1,0,1,1,1,1,1,1,1,1
TroubleRemember,1,1,0,0,0,0,0,0,0,0,0,0,0,0,1,1,0,1
RecentlyForgotten,0,1,0,0,0,1,0,0,0,0,0,1,0,0,0,0,0,0
TimePassed,1,1,0,0,0,0,1,0,0,0,0,1,0,0,1,1,0,1
TimePasse1,0,0,0,0,0,0,0,0,0,0,0,0,0,0,0,1,0,0
TimePasse2,0,0,0,0,0,0,0,0,0,0,0,0,0,0,0,1,0,0
SixMonthsPassed,0,0,0,0,0,1,0,0,0,0,0,1,0,0,1,1,0,1
SimilarDays,1,1,0,0,0,1,0,0,0,0,0,1,0,0,1,1,0,1
FarMonth,0,1,0,0,0,1,1,0,0,0,0,1,0,0,1,1,0,1
FarYear,0,1,0,0,0,1,1,0,0,0,0,1,0,0,1,1,0,1
Bored1,0,0,0,0,0,0,1,0,0,0,0,0,0,0,0,1,0,0
Bored2,0,0,0,0,0,0,1,0,0,0,0,0,0,0,0,1,0,0
Bored3,0,0,0,0,0,0,1,0,0,0,0,0,0,0,0,1,0,0
OftenUncertain1,0,0,0,0,0,0,1,0,0,0,0,0,0,0,0,1,0,0
OftenUncertain2,0,0,0,0,0,0,1,0,0,0,0,0,0,0,0,1,0,0
OftenUncertain3,0,0,0,0,0,0,1,0,0,0,0,0,0,0,0,1,0,0
SpeedTime1,0,0,0,0,0,0,0,0,0,0,0,0,0,0,0,1,0,0
SpeedTime2,0,0,0,0,0,0,0,0,0,0,0,0,0,0,0,1,0,0
SpeedTime3,0,0,0,0,0,0,0,0,0,0,0,0,0,0,0,1,0,0
SpeedTime4,0,0,0,0,0,0,0,0,0,0,0,0,0,0,0,1,0,0
SpeedTime5,0,0,0,0,0,0,0,0,0,0,0,0,0,0,0,1,0,0
LengthTime1,0,0,0,0,0,0,0,0,0,0,0,0,0,0,0,1,0,0
LengthTime2,0,0,0,0,0,0,0,0,0,0,0,0,0,0,0,1,0,0
DescribeTime,0,0,0,0,0,0,0,0,0,0,0,0,0,0,0,1,0,0
ConspiracySet1.1,1,1,1,1,1,1,0,0,0,0,0,0,0,0,0,0,0,0
ConspiracySet1.2,1,1,1,1,1,1,0,0,0,0,0,0,0,0,0,0,0,0
ConspiracySet1.3,1,1,1,1,1,1,0,0,0,0,0,0,0,0,0,0,0,0
ConspiracySet1.4,1,1,1,1,1,1,0,0,0,0,0,0,0,0,0,0,0,0
ConspiracySet1.5,1,1,1,1,1,1,0,0,0,0,0,0,0,0,0,0,0,0
ConspiracySet1.6,1,1,1,1,1,1,0,0,0,0,0,0,0,0,0,0,0,0
ConspiracySet1.7,1,1,1,1,1,1,0,0,0,0,0,0,0,0,0,0,0,0
ConspiracySet2.1,1,1,1,1,1,1,0,0,0,0,0,0,0,0,0,0,0,0
ConspiracySet2.2,1,1,1,1,1,1,0,0,0,0,0,0,0,0,0,0,0,0
ConspiracySet2.3,1,1,1,1,1,1,0,0,0,0,0,0,0,0,0,0,0,0
ConspiracySet2.4,1,1,1,1,1,1,0,0,0,0,0,0,0,0,0,0,0,0
ConspiracySet2.5,1,1,1,1,1,1,0,0,0,0,0,0,0,0,0,0,0,0
ConspiracySet2.6,1,1,1,1,1,1,0,0,0,0,0,0,0,0,0,0,0,0
ConspiracySet2.7,1,1,1,1,1,1,0,0,0,0,0,0,0,0,0,0,0,0
ConspiracySet2.8,1,1,1,1,1,1,0,0,0,0,0,0,0,0,0,0,0,0
Citizen,1,1,1,1,1,1,1,1,1,1,1,1,1,1,1,1,0,1
Sociopolitical,1,0,0,0,0,0,0,0,0,0,0,0,0,0,0,0,0,0
Econopolitical,1,0,0,0,0,0,0,0,0,0,0,0,0,0,0,0,0,0
MaskPolitical,1,1,0,1,0,0,0,0,0,0,0,0,0,0,0,0,0,0
MaskOtherStatement,1,1,0,1,0,0,0,0,0,0,0,0,0,0,0,0,0,0
NoMaskOtherState,0,1,0,1,0,0,0,0,0,0,0,0,0,0,0,0,0,0
RefuseMask,1,1,0,1,0,0,0,0,0,0,0,0,0,0,0,0,0,0
MaskMakeStatement,1,1,0,1,0,0,0,0,0,0,0,0,0,0,0,0,0,0
NoMaskStatement,1,1,0,1,0,0,0,0,0,0,0,0,0,0,0,0,0,0
TrumpMask1,1,0,0,0,0,0,0,0,0,0,0,0,0,0,0,0,0,0
MaskDem,0,0,0,1,0,0,0,0,0,0,0,0,0,0,0,0,0,0
MaskRep,0,0,0,1,0,0,0,0,0,0,0,0,0,0,0,0,0,0
MaskDemAffiliate,0,0,0,1,0,0,0,0,0,0,0,0,0,0,0,0,0,0
MaskRepAffiliate,0,0,0,1,0,0,0,0,0,0,0,0,0,0,0,0,0,0
TrumpMask2,1,0,0,0,0,0,0,0,0,0,0,0,0,0,0,0,0,0
Relationship,0,0,0,0,0,0,0,0,0,0,0,1,0,0,0,0,0,0
RelationChange,0,0,0,0,0,0,0,0,0,0,0,1,0,0,0,0,0,0
RelationTypeChang,0,0,0,0,0,0,0,0,0,0,0,1,0,0,0,0,0,0
MonthRelStatus,0,0,0,0,0,0,0,0,0,0,0,1,0,0,0,0,0,0
FriendSameBelief,1,0,0,0,0,0,0,0,0,0,0,0,0,0,0,0,0,0
RightWing,1,0,0,0,0,0,0,0,0,0,0,0,0,0,0,0,0,0
Dogmatism,1,0,0,0,0,0,0,0,0,0,0,0,0,0,0,0,0,0
Fundamentalism,1,0,0,0,0,0,0,0,0,0,0,0,0,0,0,0,0,0
Exclusivity,1,0,0,0,0,0,0,0,0,0,0,0,0,0,0,0,0,0
PopChallenge,0,0,0,0,0,0,0,0,0,0,0,1,0,0,0,0,0,0
TechVSconsume,0,0,0,0,0,0,0,0,0,0,0,1,0,0,0,0,0,0
Income,1,0,0,0,0,1,0,0,0,0,0,1,0,0,1,0,0,1
Savings,1,0,0,0,0,1,0,0,0,0,0,1,0,0,1,0,0,1
Assets,1,0,0,0,0,1,0,0,0,0,0,1,0,0,1,0,0,1
OptimisticOrdinal1,0,1,0,0,0,0,0,0,0,0,0,0,0,0,0,0,0,0
OptimisticOrdinal2,0,1,0,0,0,0,0,0,0,0,0,0,0,0,0,0,0,0
OptimisticOrdinal3,0,1,0,0,0,0,0,0,0,0,0,0,0,0,0,0,0,0
OptimisticOrdinal4,0,1,0,0,0,0,0,0,0,0,0,0,0,0,0,0,0,0
OptimisticOrdinal5,0,1,0,0,0,0,0,0,0,0,0,0,0,0,0,0,0,0
OptimisticSlider1,0,0,0,0,0,1,0,0,0,0,0,0,0,0,0,0,0,0
OptimisticSlider2,0,0,0,0,0,1,0,0,0,0,0,0,0,0,0,0,0,0
OptimisticSlider3,0,0,0,0,0,1,0,0,0,0,0,0,0,0,0,0,0,0
OptimisticSlider4,0,0,0,0,0,1,0,0,0,0,0,0,0,0,0,0,0,0
OptimisticSlider5,0,0,0,0,0,1,0,0,0,0,0,0,0,0,0,0,0,0
OptimisticSlider6,0,0,0,0,0,1,0,0,0,0,0,0,0,0,0,0,0,0
OptimisticSlider7,0,0,0,0,0,1,0,0,0,0,0,0,0,0,0,0,0,0
OptimisticSlider8,0,0,0,0,0,1,0,0,0,0,0,0,0,0,0,0,0,0
OptimisticSlider9,0,0,0,0,0,1,0,0,0,0,0,0,0,0,0,0,0,0
Optimism7days,0,0,0,0,0,1,0,0,0,0,0,0,0,0,0,0,0,0
Optimism6months,0,0,0,0,0,1,0,0,0,0,0,0,0,0,0,0,0,0
Optimism10years,0,0,0,0,0,1,0,0,0,0,0,0,0,0,0,0,0,0
MaskStigma1,0,1,0,0,0,0,0,0,0,0,0,0,0,0,0,0,0,0
MaskStigma2,0,1,0,0,0,0,0,0,0,0,0,0,0,0,0,0,0,0
MaskStigma3,0,1,0,0,0,0,0,0,0,0,0,0,0,0,0,0,0,0
MaskStigma4,0,1,0,0,0,0,0,0,0,0,0,0,0,0,0,0,0,0
MaskStereotype,0,1,0,0,0,0,0,0,0,0,0,0,0,0,0,0,0,0
MaskLegal,0,1,1,0,1,0,0,0,1,0,1,0,1,1,1,1,1,1
MaskRespect,0,1,1,0,1,0,0,0,1,0,1,0,1,1,1,1,1,1
MaskEncouraged,0,1,1,0,1,0,0,0,1,0,1,0,1,1,1,1,1,1
MaskMouthNose,0,0,0,0,1,0,0,0,0,0,0,0,0,0,0,0,0,0
NotCoverNose,0,0,0,0,1,0,0,0,1,0,0,0,0,1,1,0,0,0
FeelOthersNose,0,0,0,0,1,0,0,0,0,0,0,0,0,0,0,0,0,0
WrongMaskIntention,0,0,0,0,0,1,0,0,0,0,0,0,0,0,0,0,0,0
WrongMaskComfort,0,0,0,0,0,1,0,0,0,0,0,0,0,0,0,0,0,0
WrongMaskComply,0,0,0,0,0,1,0,0,0,0,0,0,0,0,0,0,0,0
SourceInfo1,0,1,0,0,0,0,0,1,0,0,0,0,0,0,0,0,0,0
SourceInfo2,0,1,0,0,0,0,0,1,0,0,0,0,0,0,0,0,0,0
SourceInfo3,0,1,0,0,0,0,0,1,0,0,0,0,0,0,0,0,0,0
SourceInfo4,0,1,0,0,0,0,0,1,0,0,0,0,0,0,0,0,0,0
SourceInfo4TEXT,0,1,0,0,0,0,0,1,0,0,0,0,0,0,0,0,0,0
SourceInfo5,0,1,0,0,0,0,0,1,0,0,0,0,0,0,0,0,0,0
SourceInfo5TEXT,0,1,0,0,0,0,0,1,0,0,0,0,0,0,0,0,0,0
SourceInfo6,0,1,0,0,0,0,0,1,0,0,0,0,0,0,0,0,0,0
SourceInfo7,0,1,0,0,0,0,0,1,0,0,0,0,0,0,0,0,0,0
SourceInfo8,0,1,0,0,0,0,0,1,0,0,0,0,0,0,0,0,0,0
SourceInfo9,0,1,0,0,0,0,0,1,0,0,0,0,0,0,0,0,0,0
SourceInfo10,0,1,0,0,0,0,0,1,0,0,0,0,0,0,0,0,0,0
SourceInfo11,0,1,0,0,0,0,0,1,0,0,0,0,0,0,0,0,0,0
SourceInfo12,0,1,0,0,0,0,0,1,0,0,0,0,0,0,0,0,0,0
SourceInfo13,0,1,0,0,0,0,0,1,0,0,0,0,0,0,0,0,0,0
SourceInfo14,0,1,0,0,0,0,0,1,0,0,0,0,0,0,0,0,0,0
SourceInfo14TEXT,0,1,0,0,0,0,0,1,0,0,0,0,0,0,0,0,0,0
Fundamental1,0,1,1,1,1,1,1,1,1,1,1,1,0,0,0,0,0,0
Fundamental2,0,1,1,1,1,1,1,1,1,1,1,1,0,0,0,0,0,0
Fundamental3,0,1,1,1,1,1,1,1,1,1,1,1,0,0,0,0,0,0
Fundamental4,0,1,1,1,1,1,1,1,1,1,1,1,0,0,0,0,0,0
Fundamental5,0,1,1,1,1,1,1,1,1,1,1,1,0,0,0,0,0,0
Fundamental6,0,1,1,1,1,1,1,1,1,1,1,1,0,0,0,0,0,0
Fundamental7,0,1,1,1,1,1,1,1,1,1,1,1,0,0,0,0,0,0
Fundamental8,0,1,1,1,1,1,1,1,1,1,1,1,0,0,0,0,0,0
Fundamental9,0,1,1,1,1,1,1,1,1,1,1,1,0,0,0,0,0,0
Fundamental10,0,1,1,1,1,1,1,1,1,1,1,1,0,0,0,0,0,0
RiskManage1,0,1,0,0,1,0,0,1,0,0,1,0,0,0,0,0,0,0
RiskManage2,0,1,0,0,1,0,0,1,0,0,1,0,0,0,0,0,0,0
RiskManage3,0,1,0,0,1,0,0,1,0,0,1,0,0,0,0,0,0,0
RiskManage4,0,1,0,0,1,0,0,1,0,0,1,0,0,0,0,0,0,0
RiskManage5,0,1,0,0,1,0,0,1,0,0,1,0,0,0,0,0,0,0
RiskManage6,0,1,0,0,1,0,0,1,0,0,1,0,0,0,0,0,0,0
RiskManage7,0,1,0,0,1,0,0,1,0,0,1,0,0,0,0,0,0,0
RiskManage8,0,1,0,0,1,0,0,1,0,0,1,0,0,0,0,0,0,0
RiskManage9,0,1,0,0,1,0,0,1,0,0,1,0,0,0,0,0,0,0
RiskManage10,0,1,0,0,1,0,0,1,0,0,1,0,0,0,0,0,0,0
RiskManage11,0,1,0,0,1,0,0,1,0,0,1,0,0,0,0,0,0,0
NewFood,0,1,0,0,0,0,0,0,0,0,0,0,0,0,0,0,0,0
AloneTime,0,0,0,0,1,0,0,0,0,0,0,0,0,0,0,0,0,0
AloneTimeSatisfied,0,0,0,0,1,0,0,0,0,0,0,0,0,0,0,0,0,0
SchoolChild,0,0,1,0,1,0,0,1,0,0,1,0,0,0,0,0,0,0
SchoolConcern,0,0,1,0,0,0,0,1,0,0,0,0,0,0,0,0,0,0
SchoolMethod,0,0,1,0,0,0,0,1,0,0,0,0,0,0,0,0,0,0
PreferredMethod,0,0,1,0,0,0,0,1,0,0,0,0,0,0,0,0,0,0
Schoolitems1,0,0,1,0,1,0,0,1,0,0,1,0,0,0,0,0,0,0
Schoolitems2,0,0,1,0,1,0,0,1,0,0,1,0,0,0,0,0,0,0
Schoolitems3,0,0,1,0,1,0,0,1,0,0,1,0,0,0,0,0,0,0
Schoolitems4,0,0,1,0,1,0,0,1,0,0,1,0,0,0,0,0,0,0
JobChange,0,0,0,0,0,0,0,0,0,0,0,1,0,0,0,0,0,0
HowManyJobChange,0,0,0,0,0,0,0,0,0,0,0,1,0,0,0,0,0,0
MonthChangeJob,0,0,0,0,0,0,0,0,0,0,0,1,0,0,0,0,0,0
Ocupation,0,0,0,0,0,0,0,0,0,0,0,1,0,0,0,0,0,0
JobChangeStatus,0,0,0,0,0,0,0,0,0,0,0,1,0,0,0,0,0,0
WorriedCovidBF1,0,0,1,0,0,0,0,0,0,0,0,0,0,0,0,0,0,0
WorriedCovidBF2,0,0,1,0,0,0,0,0,0,0,0,0,0,0,0,0,0,0
ChangePlansBF3,0,0,1,0,0,0,0,0,0,0,0,0,0,0,0,0,0,0
CelebrateTG,0,0,1,0,0,0,0,0,0,0,0,0,0,0,0,0,0,0
PrecautionTG,0,0,1,0,0,0,0,0,0,0,0,0,0,0,0,0,0,0
PrecautionTGTEXT,0,0,1,0,0,0,0,0,0,0,0,0,0,0,0,0,0,0
HowManyTG,0,0,1,0,0,0,0,0,0,0,0,0,0,1,0,0,0,0
NotHouseHoldTG,0,0,1,0,0,0,0,0,0,0,0,0,0,1,0,0,0,0
MaskTG,0,0,1,0,0,0,0,0,0,0,0,0,0,1,0,0,0,0
COVIDpositiveTG,0,0,1,0,0,0,0,0,0,0,0,0,0,1,0,0,0,0
HowCelebrateTG,0,0,1,0,0,0,0,0,0,0,0,0,0,1,0,0,0,0
MotivationTG,0,0,0,0,0,0,0,0,0,0,0,0,0,1,0,0,0,0
WorriedCovidTG1,0,0,1,0,0,0,0,0,0,0,0,0,0,1,0,0,0,0
WorriedCovidTG2,0,0,1,0,0,0,0,0,0,0,0,0,0,1,0,0,0,0
CancelTG,0,0,1,0,0,0,0,0,0,0,0,0,0,1,0,0,0,0
CancelTGTEXT,0,0,1,0,0,0,0,0,0,0,0,0,0,0,0,0,0,0
IOSTG,0,0,0,0,0,0,0,0,0,0,0,0,0,1,0,0,0,0
PresentVfuture1,0,0,1,0,0,1,0,1,0,0,0,0,0,0,0,0,0,0
PresentVfuture2,0,0,1,0,0,1,0,1,0,0,0,0,0,0,0,0,0,0
PresentVfuture3,0,0,1,0,0,0,0,0,0,0,0,0,0,0,0,0,0,0
PresentVfuture4,0,0,1,0,0,1,0,1,0,0,0,0,0,0,0,0,0,0
FutureImportant,0,0,1,0,0,1,0,1,0,0,0,0,0,0,0,0,0,0
PresentImportant,0,0,1,0,0,0,0,0,0,0,0,0,0,0,0,0,0,0
RiskBehavior1,0,0,1,0,0,0,0,0,0,0,0,0,0,0,0,0,0,0
RiskBehavior2,0,0,1,0,0,0,0,0,0,0,0,0,0,0,0,0,0,0
RiskBehavior3,0,0,1,0,0,0,0,0,0,0,0,0,0,0,0,0,0,0
RiskBehavior4,0,0,1,0,0,0,0,0,0,0,0,0,0,0,0,0,0,0
RiskBehavior5,0,0,1,0,0,0,0,0,0,0,0,0,0,0,0,0,0,0
RiskBehavior6,0,0,1,0,0,0,0,0,0,0,0,0,0,0,0,0,0,0
ReduceCovidRisk1,0,0,1,0,0,0,0,0,0,0,0,0,0,0,0,0,0,0
ReduceCovidRisk2,0,0,1,0,0,0,0,0,0,0,0,0,0,0,0,0,0,0
ReduceCovidRisk3,0,0,1,0,0,0,0,0,0,0,0,0,0,0,0,0,0,0
FriendsRisks1,0,0,1,0,0,0,0,0,0,1,0,0,0,0,0,0,0,0
FriendsRisks2,0,0,0,0,0,0,0,0,0,1,0,0,0,0,0,0,0,0
FriendsRisks3,0,0,1,0,0,0,0,0,0,1,0,0,0,0,0,0,0,0
FriendsRisks4,0,0,0,0,0,0,0,0,0,1,0,0,0,0,0,0,0,0
FriendsRisks5,0,0,0,0,0,0,0,0,0,1,0,0,0,0,0,0,0,0
FriendsRisks6,0,0,0,0,0,0,0,0,0,1,0,0,0,0,0,0,0,0
FriendsRisks7,0,0,1,0,0,0,0,0,0,1,0,0,0,0,0,0,0,0
BothersHouseRisk,0,0,1,0,0,0,0,0,0,0,0,0,0,0,0,0,0,0
WishHouseCareful,0,0,1,0,0,0,0,0,0,0,0,0,0,0,0,0,0,0
HouseConflict,0,0,1,0,0,0,0,0,0,0,0,0,0,0,0,0,0,0
EnjoyHelpFriends,0,0,1,0,0,0,0,0,0,0,0,0,0,0,0,0,0,0
Big5.1,0,0,0,0,0,1,0,0,0,0,0,0,0,0,0,0,0,0
Big5.2,0,0,0,0,0,1,0,0,0,0,0,0,0,0,0,0,0,0
Big5.3,0,0,0,0,0,1,0,0,0,0,0,0,0,0,0,0,0,0
Big5.4,0,0,0,0,0,1,0,0,0,0,0,0,0,0,0,0,0,0
Big5.5,0,0,0,0,0,1,0,0,0,0,0,0,0,0,0,0,0,0
Big5.6,0,0,0,0,0,1,0,0,0,0,0,0,0,0,0,0,0,0
Big5.7,0,0,0,0,0,1,0,0,0,0,0,0,0,0,0,0,0,0
Big5.8,0,0,0,0,0,1,0,0,0,0,0,0,0,0,0,0,0,0
Big5.9,0,0,0,0,0,1,0,0,0,0,0,0,0,0,0,0,0,0
Big5.10,0,0,0,0,0,1,0,0,0,0,0,0,0,0,0,0,0,0
Big5.11,0,0,0,0,0,1,0,0,0,0,0,0,0,0,0,0,0,0
Big5.12,0,0,0,0,0,1,0,0,0,0,0,0,0,0,0,0,0,0
Big5.13,0,0,0,0,0,1,0,0,0,0,0,0,0,0,0,0,0,0
Big5.14,0,0,0,0,0,1,0,0,0,0,0,0,0,0,0,0,0,0
Big5.15,0,0,0,0,0,1,0,0,0,0,0,0,0,0,0,0,0,0
Big5.16,0,0,0,0,0,1,0,0,0,0,0,0,0,0,0,0,0,0
Big5.17,0,0,0,0,0,1,0,0,0,0,0,0,0,0,0,0,0,0
Big5.18,0,0,0,0,0,1,0,0,0,0,0,0,0,0,0,0,0,0
Big5.19,0,0,0,0,0,1,0,0,0,0,0,0,0,0,0,0,0,0
Big5.20,0,0,0,0,0,1,0,0,0,0,0,0,0,0,0,0,0,0
Reactance1,0,0,0,1,0,0,0,0,0,0,0,0,0,0,0,0,0,0
Reactance2,0,0,0,1,0,0,0,0,0,0,0,0,0,0,0,0,0,0
Reactance3,0,0,0,1,0,0,0,0,0,0,0,0,0,0,0,0,0,0
Reactance4,0,0,0,1,0,0,0,0,0,0,0,0,0,0,0,0,0,0
Entitlement1,0,0,0,1,0,0,0,0,0,0,0,0,0,0,0,0,0,0
Entitlement2,0,0,0,1,0,0,0,0,0,0,0,0,0,0,0,0,0,0
Entitlement3,0,0,0,1,0,0,0,0,0,0,0,0,0,0,0,0,0,0
Entitlement4,0,0,0,1,0,0,0,0,0,0,0,0,0,0,0,0,0,0
Entitlement5,0,0,0,1,0,0,0,0,0,0,0,0,0,0,0,0,0,0
Entitlement6,0,0,0,1,0,0,0,0,0,0,0,0,0,0,0,0,0,0
Entitlement7,0,0,0,1,0,0,0,0,0,0,0,0,0,0,0,0,0,0
Entitlement8,0,0,0,1,0,0,0,0,0,0,0,0,0,0,0,0,0,0
Entitlement9,0,0,0,1,0,0,0,0,0,0,0,0,0,0,0,0,0,0
HowMuchSleep,0,0,0,1,0,0,0,0,0,0,0,1,0,0,1,0,0,1
HourSleep,0,0,0,1,0,0,0,0,0,0,0,1,0,0,1,0,0,1
QualitySleep,0,0,0,1,0,0,0,0,0,0,0,1,0,0,1,0,0,1
HowFastYear,0,0,0,1,0,0,0,0,0,0,0,0,0,0,1,0,0,1
SleepExperiences1,0,0,0,1,0,0,0,0,0,0,0,1,0,0,1,0,0,1
SleepExperiences2,0,0,0,1,0,0,0,0,0,0,0,1,0,0,1,0,0,1
SleepExperiences3,0,0,0,1,0,0,0,0,0,0,0,1,0,0,1,0,0,1
SleepExperiences4,0,0,0,1,0,0,0,0,0,0,0,1,0,0,1,0,0,1
SleepExperiences5,0,0,0,1,0,0,0,0,0,0,0,1,0,0,1,0,0,1
SleepExperiences6,0,0,0,1,0,0,0,0,0,0,0,1,0,0,1,0,0,1
SleepExperiences7,0,0,0,1,0,0,0,0,0,0,0,1,0,0,1,0,0,1
NewPandemic,0,0,0,1,0,0,0,0,0,0,0,0,0,0,0,0,0,0
TimeTilNewPandemic,0,0,0,1,0,0,0,0,0,0,0,0,0,0,0,0,0,0
PandemicExtinction,0,0,0,1,0,0,0,0,0,0,0,0,0,0,0,0,0,0
GovernmentPandemic,0,0,0,1,0,0,0,0,0,0,0,0,0,0,0,0,0,0
IndividualPandemic,0,0,0,1,0,0,0,0,0,0,0,0,0,0,0,0,0,0
CausesExtinction1,0,0,0,1,0,0,0,0,0,0,0,0,0,0,0,0,0,0
CausesExtinction2,0,0,0,1,0,0,0,0,0,0,0,0,0,0,0,0,0,0
CausesExtinction3,0,0,0,1,0,0,0,0,0,0,0,0,0,0,0,0,0,0
CausesExtinction4,0,0,0,1,0,0,0,0,0,0,0,0,0,0,0,0,0,0
CausesExtinction5,0,0,0,1,0,0,0,0,0,0,0,0,0,0,0,0,0,0
CausesExtinction6,0,0,0,1,0,0,0,0,0,0,0,0,0,0,0,0,0,0
CausesExtinction8,0,0,0,1,0,1,0,0,0,0,0,1,0,0,0,0,0,0
CausesExtinction9,0,0,0,1,0,0,0,0,0,0,0,0,0,0,0,0,0,0
CausesExtinction9TEXT,0,0,0,1,0,0,0,0,0,0,0,0,0,0,0,0,0,0
CausesExtinction10,0,0,0,1,0,0,0,0,0,0,0,0,0,0,0,0,0,0
CausesExtinction10TEXT,0,0,0,1,0,0,0,0,0,0,0,0,0,0,0,0,0,0
GreenSettings,0,0,0,0,0,1,0,0,0,0,0,0,0,0,0,0,0,0
OutdoorRec,0,0,0,0,0,1,0,0,0,0,0,0,0,0,0,0,0,0
DescriptiveLearning1,0,0,0,0,0,0,1,0,0,0,0,0,0,0,0,0,0,0
DescriptiveLearning2,0,0,0,0,0,0,1,0,0,0,0,0,0,0,0,0,0,0
DescriptiveLearning3,0,0,0,0,0,0,1,0,0,0,0,0,0,0,0,0,0,0
DescriptiveLearning4,0,0,0,0,0,0,1,0,0,0,0,0,0,0,0,0,0,0
InjunctiveLearning1,0,0,0,0,0,0,1,0,0,0,0,0,0,0,0,0,0,0
InjunctiveLearning2,0,0,0,0,0,0,1,0,0,0,0,0,0,0,0,0,0,0
InjunctiveLearning3,0,0,0,0,0,0,1,0,0,0,0,0,0,0,0,0,0,0
InjunctiveLearning4,0,0,0,0,0,0,1,0,0,0,0,0,0,0,0,0,0,0
QAnon1,0,0,0,0,0,0,1,1,1,1,1,1,0,0,0,0,0,0
QAnon2,0,0,0,0,0,0,1,1,1,1,1,1,0,0,0,0,0,0
QAnon3,0,0,0,0,0,0,1,1,1,1,1,1,0,0,0,0,0,0
QAnonDescribe,0,0,0,0,0,0,1,0,0,0,0,0,0,0,0,0,0,0
MaskToComply,0,0,0,0,0,0,0,1,1,0,0,0,0,0,0,0,0,0
Mortality1,0,0,0,0,0,0,0,1,0,0,0,0,0,0,0,0,0,0
Mortality2,0,0,0,0,0,0,0,1,0,0,0,0,0,0,0,0,0,0
Mortality3,0,0,0,0,0,0,0,1,0,0,0,0,0,0,0,0,0,0
Mortality4,0,0,0,0,0,0,0,1,0,0,0,0,0,0,0,0,0,0
Mortality5,0,0,0,0,0,0,0,1,0,0,0,0,0,0,0,0,0,0
Mortality6,0,0,0,0,0,0,0,1,0,0,0,0,0,0,0,0,0,0
Mortality7,0,0,0,0,0,0,0,1,0,0,0,0,0,0,0,0,0,0
Mortality8,0,0,0,0,0,0,0,1,0,0,0,0,0,0,0,0,0,0
Caregiving,0,0,0,0,0,0,0,0,1,0,0,0,0,0,0,0,0,0
Vaccine4Care,0,0,0,0,0,0,0,0,1,0,0,0,0,0,0,0,0,0
VaccineChild,0,0,0,0,0,0,0,0,1,0,0,0,0,0,0,0,0,0
EffortLive,0,0,0,0,0,0,1,0,1,0,1,0,0,0,0,0,0,0
LifeExpectancy,0,0,0,0,0,0,1,0,1,0,0,0,0,0,0,0,0,0
NoEffortLive,0,0,0,0,0,0,1,0,1,0,1,0,0,0,0,0,0,0
EffortHealth,0,0,0,0,0,0,0,0,0,0,0,0,1,0,0,0,0,0
Agency1,0,0,0,0,0,0,0,0,1,0,0,0,0,0,0,0,0,0
Agency2,0,0,0,0,0,0,0,0,1,0,0,0,0,0,0,0,0,0
Agency3,0,0,0,0,0,0,0,0,1,0,0,0,0,0,0,0,0,0
Agency4,0,0,0,0,0,0,0,0,1,0,0,0,0,0,0,0,0,0
Agency5,0,0,0,0,0,0,0,0,1,0,0,0,0,0,0,0,0,0
Agency6,0,0,0,0,0,0,0,0,1,0,0,0,0,0,0,0,0,0
Agency7,0,0,0,0,0,0,0,0,1,0,0,0,0,0,0,0,0,0
Agency8,0,0,0,0,0,0,0,0,1,0,0,0,0,0,0,0,0,0
Agency9,0,0,0,0,0,0,0,0,1,0,0,0,0,0,0,0,0,0
Agency10,0,0,0,0,0,0,0,0,1,0,0,0,0,0,0,0,0,0
Agency11,0,0,0,0,0,0,0,0,1,0,0,0,0,0,0,0,0,0
Agency12,0,0,0,0,0,0,0,0,1,0,0,0,0,0,0,0,0,0
Agency13,0,0,0,0,0,0,0,0,1,0,0,0,0,0,0,0,0,0
PositiveRightNow1,0,0,0,0,0,0,0,0,1,1,0,0,1,0,1,1,1,0
PositiveRightNow2,0,0,0,0,0,0,0,0,1,1,0,0,1,0,1,1,1,0
PositiveRightNow3,0,0,0,0,0,0,0,0,0,0,0,0,0,0,1,1,1,0
Certain1,0,0,0,0,0,0,0,0,0,0,0,0,1,0,0,0,0,0
Certain2,0,0,0,0,0,0,0,0,0,0,0,0,1,0,0,0,0,0
OptimisticLife1,0,0,0,0,0,0,0,0,1,0,0,0,0,0,0,0,0,0
OptimisticLife2,0,0,0,0,0,0,0,0,1,0,0,0,0,0,0,0,0,0
OptimisticLife3,0,0,0,0,0,0,0,0,1,0,0,0,0,0,0,0,0,0
OptimisticLife4,0,0,0,0,0,0,0,0,1,0,0,0,0,0,0,0,0,0
OptimisticLife5,0,0,0,0,0,0,0,0,1,0,0,0,0,0,0,0,0,0
OptimisticLife6,0,0,0,0,0,0,0,0,1,0,0,0,0,0,0,0,0,0
OptimisticWorld1,0,0,0,0,0,0,0,0,1,0,0,0,0,0,0,0,0,0
OptimisticWorld2,0,0,0,0,0,0,0,0,1,0,0,0,0,0,0,0,0,0
OptimisticWorld3,0,0,0,0,0,0,0,0,1,0,0,0,0,0,0,0,0,0
OptimisticWorld4,0,0,0,0,0,0,0,0,1,0,0,0,0,0,0,0,0,0
OptimisticWorld5,0,0,0,0,0,0,0,0,1,0,0,0,0,0,0,0,0,0
OptimisticWorld6,0,0,0,0,0,0,0,0,1,0,0,0,0,0,0,0,0,0
OptimisticWorld7,0,0,0,0,0,0,0,0,1,0,0,0,0,0,0,0,0,0
OptimisticWorld8,0,0,0,0,0,0,0,0,1,0,0,0,0,0,0,0,0,0
CertainFutureLife1,0,0,0,0,0,0,0,0,0,0,0,0,1,0,0,0,0,0
CertainFutureLife2,0,0,0,0,0,0,0,0,0,0,0,0,1,0,0,0,0,0
CertainFutureLife4,0,0,0,0,0,0,0,0,0,0,0,0,1,0,0,0,0,0
CertainFutureLife5,0,0,0,0,0,0,0,0,0,0,0,0,1,0,0,0,0,0
CertainFutureLife6,0,0,0,0,0,0,0,0,0,0,0,0,1,0,0,0,0,0
CertainFutureWorld1,0,0,0,0,0,0,0,0,0,0,0,0,1,0,0,0,0,0
CertainFutureWorld2,0,0,0,0,0,0,0,0,0,0,0,0,1,0,0,0,0,0
CertainFutureWorld4,0,0,0,0,0,0,0,0,0,0,0,0,1,0,0,0,0,0
CertainFutureWorld5,0,0,0,0,0,0,0,0,0,0,0,0,1,0,0,0,0,0
CertainFutureWorld6,0,0,0,0,0,0,0,0,0,0,0,0,1,0,0,0,0,0
CertainFutureWorld7,0,0,0,0,0,0,0,0,0,0,0,0,1,0,0,0,0,0
CertainFutureWorld8,0,0,0,0,0,0,0,0,0,0,0,0,1,0,0,0,0,0
OptimismFutureLife1,0,0,0,0,0,0,0,0,0,0,0,0,0,0,0,1,0,0
OptimismFutureLife2,0,0,0,0,0,0,0,0,0,0,0,0,0,0,0,1,0,0
OptimismFutureLife3,0,0,0,0,0,0,0,0,0,0,0,0,0,0,0,1,0,0
OptimismFutureLife4,0,0,0,0,0,0,0,0,0,0,0,0,0,0,0,1,0,0
OptimismFutureLife5,0,0,0,0,0,0,0,0,0,0,0,0,0,0,0,1,0,0
OptimismFutureLife6,0,0,0,0,0,0,0,0,0,0,0,0,0,0,0,1,0,0
OptimismFutureLife7,0,0,0,0,0,0,0,0,0,0,0,0,0,0,0,1,0,0
OptimismFutureLife8,0,0,0,0,0,0,0,0,0,0,0,0,0,0,0,1,0,0
OptimismFutureLife8TEXT,0,0,0,0,0,0,0,0,0,0,0,0,0,0,0,1,0,0
OptimismFutureWorld1,0,0,0,0,0,0,0,0,0,0,0,0,0,0,0,1,0,0
OptimismFutureWorld2,0,0,0,0,0,0,0,0,0,0,0,0,0,0,0,1,0,0
OptimismFutureWorld3,0,0,0,0,0,0,0,0,0,0,0,0,0,0,0,1,0,0
OptimismFutureWorld4,0,0,0,0,0,0,0,0,0,0,0,0,0,0,0,1,0,0
OptimismFutureWorld5,0,0,0,0,0,0,0,0,0,0,0,0,0,0,0,1,0,0
OptimismFutureWorld6,0,0,0,0,0,0,0,0,0,0,0,0,0,0,0,1,0,0
OptimismFutureWorld7,0,0,0,0,0,0,0,0,0,0,0,0,0,0,0,1,0,0
OptimismFutureWorld8,0,0,0,0,0,0,0,0,0,0,0,0,0,0,0,1,0,0
OptimismFutureWorld9,0,0,0,0,0,0,0,0,0,0,0,0,0,0,0,1,0,0
OptimismFutureWorld9TEXT,0,0,0,0,0,0,0,0,0,0,0,0,0,0,0,1,0,0
PositiveLife1,0,0,0,0,0,0,0,0,0,1,0,0,0,0,0,0,0,0
PositiveLife2,0,0,0,0,0,0,0,0,0,1,0,0,0,0,1,1,1,0
PositiveLife3,0,0,0,0,0,0,0,0,0,1,0,0,0,0,0,0,0,0
PositiveLife4,0,0,0,0,0,0,0,0,0,1,0,0,0,0,0,0,0,0
PositiveLife5,0,0,0,0,0,0,0,0,0,1,0,0,0,0,0,0,0,0
PositiveWorld1,0,0,0,0,0,0,0,0,0,1,0,0,0,0,0,0,0,0
PositiveWorld2,0,0,0,0,0,0,0,0,0,1,0,0,0,0,1,1,1,0
PositiveWorld3,0,0,0,0,0,0,0,0,0,1,0,0,0,0,0,0,0,0
PositiveWorld4,0,0,0,0,0,0,0,0,0,1,0,0,0,0,0,0,0,0
PositiveWorld5,0,0,0,0,0,0,0,0,0,1,0,0,0,0,0,0,0,0
PositiveWorld6,0,0,0,0,0,0,0,0,0,1,0,0,0,0,0,0,0,0
PositiveWorld7,0,0,0,0,0,0,0,0,0,1,0,0,0,0,0,0,0,0
PositiveWorld8,0,0,0,0,0,0,0,0,0,1,0,0,0,0,0,0,0,0
PositivePast3,0,0,0,0,0,0,0,0,0,0,0,0,0,0,1,1,1,0
NormDisagreement1,0,0,0,0,0,0,1,0,0,0,0,0,0,0,0,0,0,0
NormDisagreement2,0,0,0,0,0,0,1,0,0,0,0,0,0,0,0,0,0,0
NormDisagreement3,0,0,0,0,0,0,1,0,0,0,0,0,0,0,0,0,0,0
PostVaccineActivity1,0,0,0,0,0,0,1,0,0,0,0,0,0,0,0,0,0,0
PostVaccineActivity2,0,0,0,0,0,0,1,0,0,0,0,0,0,0,0,0,0,0
PostVaccineActivity3,0,0,0,0,0,0,1,0,0,0,0,0,0,0,0,0,0,0
PostVaccineActivity4,0,0,0,0,0,0,1,0,0,0,0,0,0,0,0,0,0,0
PostVaccineActivity5,0,0,0,0,0,0,1,0,0,0,0,0,0,0,0,0,0,0
PostVaccineActivity6,0,0,0,0,0,0,1,0,0,0,0,0,0,0,0,0,0,0
PostVaccineActivity7,0,0,0,0,0,0,1,0,0,0,0,0,0,0,0,0,0,0
PostVaccineActivity8,0,0,0,0,0,0,1,0,0,0,0,0,0,0,0,0,0,0
PostVaccineActivity9,0,0,0,0,0,0,1,0,0,0,0,0,0,0,0,0,0,0
PostVaccineActivity10,0,0,0,0,0,0,1,0,0,0,0,0,0,0,0,0,0,0
PostVaccineActivity11,0,0,0,0,0,0,1,0,0,0,0,0,0,0,0,0,0,0
PostVaccineActivity12,0,0,0,0,0,0,1,0,0,0,0,0,0,0,0,0,0,0
PostVaccineActivity13,0,0,0,0,0,0,1,0,0,0,0,0,0,0,0,0,0,0
PostVaccineActivity14,0,0,0,0,0,0,1,0,0,0,0,0,0,0,0,0,0,0
PostVaccineActivity15,0,0,0,0,0,0,1,0,0,0,0,0,0,0,0,0,0,0
PostVaccineActivity16,0,0,0,0,0,0,1,0,0,0,0,0,0,0,0,0,0,0
CDCguidelines1,0,0,0,0,0,0,1,0,0,0,0,0,0,0,0,0,0,0
CDCguidelines2,0,0,0,0,0,0,1,0,0,0,0,0,0,0,0,0,0,0
CDCguidelines3,0,0,0,0,0,0,1,0,0,0,0,0,0,0,0,0,0,0
CDCguidelines4,0,0,0,0,0,0,1,0,0,0,0,0,0,0,0,0,0,0
CDCpostVaccine,0,0,0,0,0,0,1,0,0,0,0,0,0,0,0,0,0,0
NoMaskOutPoliOri,0,0,0,0,0,0,0,0,0,1,0,0,0,0,0,0,0,0
NoMaskOutVacc,0,0,0,0,0,0,0,0,0,1,0,0,0,0,0,0,0,0
MaskOutPoliOri,0,0,0,0,0,0,0,0,0,1,0,0,0,0,0,0,0,0
MaskOutVacc,0,0,0,0,0,0,0,0,0,1,0,0,0,0,0,0,0,0
NoMaskInPoliOri,0,0,0,0,0,0,0,0,0,1,0,0,0,0,0,0,0,0
NoMaskInVacc,0,0,0,0,0,0,0,0,0,1,0,0,0,0,0,0,0,0
MaskInPoliOri,0,0,0,0,0,0,0,0,0,1,0,0,0,0,0,0,0,0
MaskInVacc,0,0,0,0,0,0,0,0,0,1,0,0,0,0,0,0,0,0
OthersJudgeMask,0,0,0,0,0,0,0,0,0,1,0,0,0,0,0,0,0,0
JudgeWearMask,0,0,0,0,0,0,0,0,0,1,0,0,0,0,0,0,0,0
Loneliness1,0,0,0,0,0,0,0,0,0,1,0,0,0,0,0,0,0,0
Loneliness2,0,0,0,0,0,0,0,0,0,1,0,0,0,0,0,0,0,0
Loneliness3,0,0,0,0,0,0,0,0,0,1,0,0,0,0,0,0,0,0
Loneliness4,0,0,0,0,0,0,0,0,0,1,0,0,0,0,0,0,0,0
Loneliness5,0,0,0,0,0,0,0,0,0,1,0,0,0,0,0,0,0,0
Loneliness6,0,0,0,0,0,0,0,0,0,1,0,0,0,0,0,0,0,0
Loneliness7,0,0,0,0,0,0,0,0,0,1,0,0,0,0,0,0,0,0
Loneliness8,0,0,0,0,0,0,0,0,0,1,0,0,0,0,0,0,0,0
Loneliness9,0,0,0,0,0,0,0,0,0,1,0,0,0,0,0,0,0,0
Loneliness10,0,0,0,0,0,0,0,0,0,1,0,0,0,0,0,0,0,0
Loneliness11,0,0,0,0,0,0,0,0,0,1,0,0,0,0,0,0,0,0
Loneliness12,0,0,0,0,0,0,0,0,0,1,0,0,0,0,0,0,0,0
Loneliness13,0,0,0,0,0,0,0,0,0,1,0,0,0,0,0,0,0,0
Loneliness14,0,0,0,0,0,0,0,0,0,1,0,0,0,0,0,0,0,0
Loneliness15,0,0,0,0,0,0,0,0,0,1,0,0,0,0,0,0,0,0
Loneliness16,0,0,0,0,0,0,0,0,0,1,0,0,0,0,0,0,0,0
Loneliness17,0,0,0,0,0,0,0,0,0,1,0,0,0,0,0,0,0,0
Loneliness18,0,0,0,0,0,0,0,0,0,1,0,0,0,0,0,0,0,0
Loneliness19,0,0,0,0,0,0,0,0,0,1,0,0,0,0,0,0,0,0
Loneliness20,0,0,0,0,0,0,0,0,0,1,0,0,0,0,0,0,0,0
ContactFriends,0,0,0,0,0,0,0,0,0,1,0,0,0,0,0,0,0,0
TimeRiskyFriend,0,0,1,0,0,0,0,0,0,1,0,0,0,0,0,0,0,0
TimeCarefulFriend,0,0,1,0,0,0,0,0,0,1,0,0,0,0,0,0,0,0
PanWorseFriends,0,0,0,0,0,0,0,0,0,1,0,0,0,0,0,0,0,0
PanBetterFriends,0,0,0,0,0,0,0,0,0,1,0,0,0,0,0,0,0,0
SatisfiedFriends,0,0,0,0,0,0,0,0,0,1,0,0,0,0,0,0,0,0
Closure1,0,0,0,0,0,0,0,0,0,0,1,0,0,0,0,0,0,0
Closure2,0,0,0,0,0,0,0,0,0,0,1,0,0,0,0,0,0,0
Closure3,0,0,0,0,0,0,0,0,0,0,1,0,0,0,0,0,0,0
Closure4,0,0,0,0,0,0,0,0,0,0,1,0,0,0,0,0,0,0
Closure5,0,0,0,0,0,0,0,0,0,0,1,0,0,0,0,0,0,0
Closure6,0,0,0,0,0,0,0,0,0,0,1,0,0,0,0,0,0,0
Closure7,0,0,0,0,0,0,0,0,0,0,1,0,0,0,0,0,0,0
Closure8,0,0,0,0,0,0,0,0,0,0,1,0,0,0,0,0,0,0
Closure9,0,0,0,0,0,0,0,0,0,0,1,0,0,0,0,0,0,0
Closure10,0,0,0,0,0,0,0,0,0,0,1,0,0,0,0,0,0,0
Closure11,0,0,0,0,0,0,0,0,0,0,1,0,0,0,0,0,0,0
Closure12,0,0,0,0,0,0,0,0,0,0,1,0,0,0,0,0,0,0
Closure13,0,0,0,0,0,0,0,0,0,0,1,0,0,0,0,0,0,0
Closure14,0,0,0,0,0,0,0,0,0,0,1,0,0,0,0,0,0,0
Closure15,0,0,0,0,0,0,0,0,0,0,1,0,0,0,0,0,0,0
BIDR1,0,0,0,0,0,0,0,0,0,0,0,1,0,0,1,0,0,1
BIDR2,0,0,0,0,0,0,0,0,0,0,0,1,0,0,1,0,0,1
BIDR3,0,0,0,0,0,0,0,0,0,0,0,1,0,0,1,0,0,1
BIDR4,0,0,0,0,0,0,0,0,0,0,0,1,0,0,1,0,0,1
BIDR5,0,0,0,0,0,0,0,0,0,0,0,1,0,0,1,0,0,1
BIDR6,0,0,0,0,0,0,0,0,0,0,0,1,0,0,1,0,0,1
BIDR7,0,0,0,0,0,0,0,0,0,0,0,1,0,0,1,0,0,1
BIDR8,0,0,0,0,0,0,0,0,0,0,0,1,0,0,1,0,0,1
FMIntentionsSocial,0,0,0,0,0,0,0,0,0,0,0,1,0,0,0,0,0,0
FMIntentionsKin,0,0,0,0,0,0,0,0,0,0,0,1,0,0,0,0,0,0
FMIntentionsMating,0,0,0,0,0,0,0,0,0,0,0,1,0,0,0,0,0,0
FMIntentionsStatus,0,0,0,0,0,0,0,0,0,0,0,1,0,0,0,0,0,0
FoodScarcity1,0,0,0,0,0,0,0,0,0,0,0,1,0,0,0,0,0,0
FoodScarcity2,0,0,0,0,0,0,0,0,0,0,0,1,0,0,0,0,0,0
FoodScarcity3,0,0,0,0,0,0,0,0,0,0,0,1,0,0,0,0,0,0
FoodScarcity4,0,0,0,0,0,0,0,0,0,0,0,1,0,0,0,0,0,0
FoodScarcity5,0,0,0,0,0,0,0,0,0,0,0,1,0,0,0,0,0,0
FoodScarcity6,0,0,0,0,0,0,0,0,0,0,0,1,0,0,0,0,0,0
FoodScarcity7,0,0,0,0,0,0,0,0,0,0,0,1,0,0,0,0,0,0
FoodScarcity8,0,0,0,0,0,0,0,0,0,0,0,1,0,0,0,0,0,0
FoodInsecurity1,0,0,0,0,0,0,0,0,0,0,0,1,0,0,1,0,0,1
FoodInsecurity2,0,0,0,0,0,0,0,0,0,0,0,1,0,0,1,0,0,1
FoodInsecurity3,0,0,0,0,0,0,0,0,0,0,0,1,0,0,1,0,0,1
FoodInsecurity4,0,0,0,0,0,0,0,0,0,0,0,0,0,0,1,0,0,1
FarMonth2019,0,0,0,0,0,0,0,0,0,0,0,1,0,0,0,0,0,0
FarYear2019,0,0,0,0,0,0,0,0,0,0,0,1,0,0,0,0,0,0
Asteroid1,0,0,0,0,0,0,0,0,0,0,0,1,0,0,0,0,0,0
Asteroid2,0,0,0,0,0,0,0,0,0,0,0,1,0,0,0,0,0,0
Asteroid3,0,0,0,0,0,0,0,0,0,0,0,1,0,0,0,0,0,0
Asteroid4,0,0,0,0,0,0,0,0,0,0,0,1,0,0,0,0,0,0
Asteroid5,0,0,0,0,0,0,0,0,0,0,0,1,0,0,0,0,0,0
Treatment1,0,0,0,0,0,0,0,0,0,0,0,1,0,0,0,0,0,0
Treatment2,0,0,0,0,0,0,0,0,0,0,0,1,0,0,0,0,0,0
Treatment3,0,0,0,0,0,0,0,0,0,0,0,1,0,0,0,0,0,0
Treatment4,0,0,0,0,0,0,0,0,0,0,0,1,0,0,0,0,0,0
Treatment5,0,0,0,0,0,0,0,0,0,0,0,1,0,0,0,0,0,0
StudyVSdowntime,0,0,0,0,0,0,0,0,1,0,0,0,0,0,0,0,0,0
LifeOrientation1,0,0,0,0,0,0,0,0,0,1,0,0,0,0,0,0,0,0
LifeOrientation2,0,0,0,0,0,0,0,0,0,1,0,0,0,0,0,0,0,0
LifeOrientation3,0,0,0,0,0,0,0,0,0,1,0,0,0,0,0,0,0,0
LifeOrientation4,0,0,0,0,0,0,0,0,0,1,0,0,0,0,0,0,0,0
LifeOrientation5,0,0,0,0,0,0,0,0,0,1,0,0,0,0,0,0,0,0
LifeOrientation6,0,0,0,0,0,0,0,0,0,1,0,0,0,0,0,0,0,0
FutureEvent,0,0,0,0,0,0,0,0,0,0,1,0,0,0,0,0,0,0
OptimisticEvent,0,0,0,0,0,0,0,0,0,0,1,0,0,0,0,0,0,0
TimeToEventYears,0,0,0,0,0,0,0,0,0,0,1,0,0,0,0,0,0,0
TimeToEventMonths,0,0,0,0,0,0,0,0,0,0,1,0,0,0,0,0,0,0
TimeToEventWeeks,0,0,0,0,0,0,0,0,0,0,1,0,0,0,0,0,0,0
TimeToEventDays,0,0,0,0,0,0,0,0,0,0,1,0,0,0,0,0,0,0
WhoAmI1,0,0,0,0,0,0,0,0,0,0,0,0,1,0,0,0,0,0
WhoAmI2,0,0,0,0,0,0,0,0,0,0,0,0,1,0,0,0,0,0
WhoAmI3,0,0,0,0,0,0,0,0,0,0,0,0,1,0,0,0,0,0
Identities1,0,0,0,0,0,0,0,0,0,0,0,0,1,0,0,0,0,0
Identities2,0,0,0,0,0,0,0,0,0,0,0,0,1,0,0,0,0,0
Identities3,0,0,0,0,0,0,0,0,0,0,0,0,1,0,0,0,0,0
Identities4,0,0,0,0,0,0,0,0,0,0,0,0,1,0,0,0,0,0
Identities5,0,0,0,0,0,0,0,0,0,0,0,0,1,0,0,0,0,0
RegFocus1,0,0,0,0,0,0,0,0,0,0,0,0,1,0,0,0,0,0
RegFocus2,0,0,0,0,0,0,0,0,0,0,0,0,1,0,0,0,0,0
RegFocus3,0,0,0,0,0,0,0,0,0,0,0,0,1,0,0,0,0,0
RegFocus4,0,0,0,0,0,0,0,0,0,0,0,0,1,0,0,0,0,0
RegFocus5,0,0,0,0,0,0,0,0,0,0,0,0,1,0,0,0,0,0
RegFocus6,0,0,0,0,0,0,0,0,0,0,0,0,1,0,0,0,0,0
RegFocus7,0,0,0,0,0,0,0,0,0,0,0,0,1,0,0,0,0,0
RegFocus8,0,0,0,0,0,0,0,0,0,0,0,0,1,0,0,0,0,0
RegFocus9,0,0,0,0,0,0,0,0,0,0,0,0,1,0,0,0,0,0
RegFocus10,0,0,0,0,0,0,0,0,0,0,0,0,1,0,0,0,0,0
RegFocus11,0,0,0,0,0,0,0,0,0,0,0,0,1,0,0,0,0,0
CelebrateXmas,0,0,0,0,0,0,0,0,0,0,0,0,0,1,0,0,0,0
FarXmas1,0,0,0,0,0,0,0,0,0,0,0,0,0,1,0,0,0,0
PrepXmas1,0,0,0,0,0,0,0,0,0,0,0,0,0,1,0,0,0,0
QuickXmas,0,0,0,0,0,0,0,0,0,0,0,0,0,1,0,0,0,0
FamilyXmas1,0,0,0,0,0,0,0,0,0,0,0,0,0,1,0,0,0,0
ResponsibilityXmas,0,0,0,0,0,0,0,0,0,0,0,0,0,1,0,0,0,0
ShareResponsibility1,0,0,0,0,0,0,0,0,0,0,0,0,0,1,0,0,0,0
ConcernCovidXmas,0,0,0,0,0,0,0,0,0,0,0,0,0,1,0,0,0,0
ConcernOtherXmas,0,0,0,0,0,0,0,0,0,0,0,0,0,1,0,0,0,0
PerceptionRiskXmas,0,0,0,0,0,0,0,0,0,0,0,0,0,1,0,0,0,0
InfectionSeverityXmas,0,0,0,0,0,0,0,0,0,0,0,0,0,1,0,0,0,0
HowManyXmas,0,0,0,0,0,0,0,0,0,0,0,0,0,1,0,0,0,0
NotHouseHoldXmas,0,0,0,0,0,0,0,0,0,0,0,0,0,1,0,0,0,0
ChangesXmas,0,0,0,0,0,0,0,0,0,0,0,0,0,1,0,0,0,0
CancelXmas,0,0,0,0,0,0,0,0,0,0,0,0,0,1,0,0,0,0
IOSXmas,0,0,0,0,0,0,0,0,0,0,0,0,0,1,0,0,0,0
AnimalVirus1.1,0,0,0,0,0,0,0,0,0,0,0,0,0,1,0,0,0,0
AnimalVirus1.2,0,0,0,0,0,0,0,0,0,0,0,0,0,1,0,0,0,0
AnimalVirus1.3,0,0,0,0,0,0,0,0,0,0,0,0,0,1,0,0,0,0
AnimalVirus1.4,0,0,0,0,0,0,0,0,0,0,0,0,0,1,0,0,0,0
AnimalVirus1.5,0,0,0,0,0,0,0,0,0,0,0,0,0,1,0,0,0,0
AnimalVirus2.1,0,0,0,0,0,0,0,0,0,0,0,0,0,1,0,0,0,0
AnimalVirus2.2,0,0,0,0,0,0,0,0,0,0,0,0,0,1,0,0,0,0
AnimalVirus2.3,0,0,0,0,0,0,0,0,0,0,0,0,0,1,0,0,0,0
AnimalVirus2.4,0,0,0,0,0,0,0,0,0,0,0,0,0,1,0,0,0,0
AnimalVirus2.5,0,0,0,0,0,0,0,0,0,0,0,0,0,1,0,0,0,0
TerroristVirus1.1,0,0,0,0,0,0,0,0,0,0,0,0,0,1,0,0,0,0
TerroristVirus1.2,0,0,0,0,0,0,0,0,0,0,0,0,0,1,0,0,0,0
TerroristVirus1.3,0,0,0,0,0,0,0,0,0,0,0,0,0,1,0,0,0,0
TerroristVirus1.4,0,0,0,0,0,0,0,0,0,0,0,0,0,1,0,0,0,0
TerroristVirus1.5,0,0,0,0,0,0,0,0,0,0,0,0,0,1,0,0,0,0
TerroristVirus2.1,0,0,0,0,0,0,0,0,0,0,0,0,0,1,0,0,0,0
TerroristVirus2.2,0,0,0,0,0,0,0,0,0,0,0,0,0,1,0,0,0,0
TerroristVirus2.3,0,0,0,0,0,0,0,0,0,0,0,0,0,1,0,0,0,0
TerroristVirus2.4,0,0,0,0,0,0,0,0,0,0,0,0,0,1,0,0,0,0
TerroristVirus2.5,0,0,0,0,0,0,0,0,0,0,0,0,0,1,0,0,0,0
Believe90,0,0,0,0,0,0,0,0,0,0,0,0,0,1,0,0,0,0
Believe50,0,0,0,0,0,0,0,0,0,0,0,0,0,1,0,0,0,0
Believe10,0,0,0,0,0,0,0,0,0,0,0,0,0,1,0,0,0,0
BelieveEnd,0,0,0,0,0,0,0,0,0,0,0,0,0,1,0,0,0,0
ProtectiveEffort1,0,0,0,0,0,0,0,0,0,0,0,0,0,1,0,0,0,0
ProtectiveEffort2,0,0,0,0,0,0,0,0,0,0,0,0,0,1,0,0,0,0
ProtectiveEffort3,0,0,0,0,0,0,0,0,0,0,0,0,0,1,0,0,0,0
ProtectiveEffort4,0,0,0,0,0,0,0,0,0,0,0,0,0,1,0,0,0,0
ProtectiveEffort5,0,0,0,0,0,0,0,0,0,0,0,0,0,1,0,0,0,0
Tired1,0,0,0,0,0,0,0,0,0,0,0,0,0,1,1,1,1,1
Tired2,0,0,0,0,0,0,0,0,0,0,0,0,0,1,1,1,1,1
Tired3,0,0,0,0,0,0,0,0,0,0,0,0,0,1,1,1,1,1
Tired4,0,0,0,0,0,0,0,0,0,0,0,0,0,1,1,1,1,1
Tired5,0,0,0,0,0,0,0,0,0,0,0,0,0,1,1,1,1,1
GivenUp1,0,0,0,0,0,0,0,0,0,0,0,0,0,1,1,1,1,1
GivenUp2,0,0,0,0,0,0,0,0,0,0,0,0,0,1,1,1,1,1
GivenUp3,0,0,0,0,0,0,0,0,0,0,0,0,0,1,1,1,1,1
GivenUp4,0,0,0,0,0,0,0,0,0,0,0,0,0,1,1,1,1,1
GivenUp5,0,0,0,0,0,0,0,0,0,0,0,0,0,1,1,1,1,1
AppettitePandemic1,0,0,0,0,0,0,0,0,0,0,0,0,0,0,1,0,0,1
AppettitePandemic2,0,0,0,0,0,0,0,0,0,0,0,0,0,0,1,0,0,1
AppettitePandemic3,0,0,0,0,0,0,0,0,0,0,0,0,0,0,1,0,0,1
AppettitePandemic4,0,0,0,0,0,0,0,0,0,0,0,0,0,0,1,0,0,1
AppettitePandemic5,0,0,0,0,0,0,0,0,0,0,0,0,0,0,1,0,0,1
AppettitePandemic6,0,0,0,0,0,0,0,0,0,0,0,0,0,0,1,0,0,1
AppettitePastMonth1,0,0,0,0,0,0,0,0,0,0,0,0,0,0,1,0,0,1
AppettitePastMonth2,0,0,0,0,0,0,0,0,0,0,0,0,0,0,1,0,0,1
AppettitePastMonth3,0,0,0,0,0,0,0,0,0,0,0,0,0,0,1,0,0,1
AppettitePastMonth4,0,0,0,0,0,0,0,0,0,0,0,0,0,0,1,0,0,1
AppettitePastMonth6,0,0,0,0,0,0,0,0,0,0,0,0,0,0,1,0,0,1
AppettitePastMonth7,0,0,0,0,0,0,0,0,0,0,0,0,0,0,1,0,0,1
MoralCircles1,0,0,0,0,0,0,0,0,0,0,0,0,0,0,1,0,0,0
MoralCircles2,0,0,0,0,0,0,0,0,0,0,0,0,0,0,1,0,0,0
MoralCircles3,0,0,0,0,0,0,0,0,0,0,0,0,0,0,1,0,0,0
MoralCircles4,0,0,0,0,0,0,0,0,0,0,0,0,0,0,1,0,0,0
MoralCircles5,0,0,0,0,0,0,0,0,0,0,0,0,0,0,1,0,0,0
MoralCircles6,0,0,0,0,0,0,0,0,0,0,0,0,0,0,1,0,0,0
MoralCircles7,0,0,0,0,0,0,0,0,0,0,0,0,0,0,1,0,0,0
MoralCircles8,0,0,0,0,0,0,0,0,0,0,0,0,0,0,1,0,0,0
MoralCircles9,0,0,0,0,0,0,0,0,0,0,0,0,0,0,1,0,0,0
MoralCircles10,0,0,0,0,0,0,0,0,0,0,0,0,0,0,1,0,0,0
MoralCircles11,0,0,0,0,0,0,0,0,0,0,0,0,0,0,1,0,0,0
MoralCircles12,0,0,0,0,0,0,0,0,0,0,0,0,0,0,1,0,0,0
MoralCircles13,0,0,0,0,0,0,0,0,0,0,0,0,0,0,1,0,0,0
MoralCircles14,0,0,0,0,0,0,0,0,0,0,0,0,0,0,1,0,0,0
MoralCircles15,0,0,0,0,0,0,0,0,0,0,0,0,0,0,1,0,0,0
MoralCircles16,0,0,0,0,0,0,0,0,0,0,0,0,0,0,1,0,0,0
TemporalFocus1,0,0,0,0,0,0,0,0,0,0,0,0,0,0,0,1,0,0
TemporalFocus2,0,0,0,0,0,0,0,0,0,0,0,0,0,0,0,1,0,0
TemporalFocus3,0,0,0,0,0,0,0,0,0,0,0,0,0,0,0,1,0,0
TemporalFocus4,0,0,0,0,0,0,0,0,0,0,0,0,0,0,0,1,0,0
TemporalFocus5,0,0,0,0,0,0,0,0,0,0,0,0,0,0,0,1,0,0
TemporalFocus6,0,0,0,0,0,0,0,0,0,0,0,0,0,0,0,1,0,0
TemporalFocus7,0,0,0,0,0,0,0,0,0,0,0,0,0,0,0,1,0,0
TemporalFocus8,0,0,0,0,0,0,0,0,0,0,0,0,0,0,0,1,0,0
TemporalFocus9,0,0,0,0,0,0,0,0,0,0,0,0,0,0,0,1,0,0
TemporalFocus10,0,0,0,0,0,0,0,0,0,0,0,0,0,0,0,1,0,0
TemporalFocus11,0,0,0,0,0,0,0,0,0,0,0,0,0,0,0,1,0,0
TemporalFocus12,0,0,0,0,0,0,0,0,0,0,0,0,0,0,0,1,0,0
CurrentEmotion1,0,0,0,0,0,0,0,0,0,0,0,0,0,0,0,1,0,0
CurrentEmotion2,0,0,0,0,0,0,0,0,0,0,0,0,0,0,0,1,0,0
CurrentEmotion3,0,0,0,0,0,0,0,0,0,0,0,0,0,0,0,1,0,0
CurrentEmotion4,0,0,0,0,0,0,0,0,0,0,0,0,0,0,0,1,0,0
CurrentEmotion5,0,0,0,0,0,0,0,0,0,0,0,0,0,0,0,1,0,0
CurrentEmotion6,0,0,0,0,0,0,0,0,0,0,0,0,0,0,0,1,0,0
CurrentEmotion7,0,0,0,0,0,0,0,0,0,0,0,0,0,0,0,1,0,0
CurrentEmotion8,0,0,0,0,0,0,0,0,0,0,0,0,0,0,0,1,0,0
CurrentEmotion9,0,0,0,0,0,0,0,0,0,0,0,0,0,0,0,1,0,0
BeforeEmotion1,0,0,0,0,0,0,0,0,0,0,0,0,0,0,0,1,0,0
BeforeEmotion2,0,0,0,0,0,0,0,0,0,0,0,0,0,0,0,1,0,0
BeforeEmotion3,0,0,0,0,0,0,0,0,0,0,0,0,0,0,0,1,0,0
BeforeEmotion4,0,0,0,0,0,0,0,0,0,0,0,0,0,0,0,1,0,0
BeforeEmotion5,0,0,0,0,0,0,0,0,0,0,0,0,0,0,0,1,0,0
BeforeEmotion6,0,0,0,0,0,0,0,0,0,0,0,0,0,0,0,1,0,0
BeforeEmotion7,0,0,0,0,0,0,0,0,0,0,0,0,0,0,0,1,0,0
BeforeEmotion8,0,0,0,0,0,0,0,0,0,0,0,0,0,0,0,1,0,0
BeforeEmotion9,0,0,0,0,0,0,0,0,0,0,0,0,0,0,0,1,0,0
AgentVScomm1,0,0,0,0,0,0,0,0,0,0,0,0,0,0,0,1,0,0
AgentVScomm2,0,0,0,0,0,0,0,0,0,0,0,0,0,0,0,1,0,0
AgentVScomm3,0,0,0,0,0,0,0,0,0,0,0,0,0,0,0,1,0,0
AgentVScomm4,0,0,0,0,0,0,0,0,0,0,0,0,0,0,0,1,0,0
AgentVScomm5,0,0,0,0,0,0,0,0,0,0,0,0,0,0,0,1,0,0
AgentVScomm6,0,0,0,0,0,0,0,0,0,0,0,0,0,0,0,1,0,0
AgentVScomm7,0,0,0,0,0,0,0,0,0,0,0,0,0,0,0,1,0,0
AgentVScomm8,0,0,0,0,0,0,0,0,0,0,0,0,0,0,0,1,0,0
AgentVScomm9,0,0,0,0,0,0,0,0,0,0,0,0,0,0,0,1,0,0
AgentVScomm10,0,0,0,0,0,0,0,0,0,0,0,0,0,0,0,1,0,0
AgentVScomm11,0,0,0,0,0,0,0,0,0,0,0,0,0,0,0,1,0,0
AgentVScomm12,0,0,0,0,0,0,0,0,0,0,0,0,0,0,0,1,0,0
AgentVScomm13,0,0,0,0,0,0,0,0,0,0,0,0,0,0,0,1,0,0
AgentVScomm14,0,0,0,0,0,0,0,0,0,0,0,0,0,0,0,1,0,0
AgentVScomm15,0,0,0,0,0,0,0,0,0,0,0,0,0,0,0,1,0,0
AgentVScomm16,0,0,0,0,0,0,0,0,0,0,0,0,0,0,0,1,0,0
AgentVScomm17,0,0,0,0,0,0,0,0,0,0,0,0,0,0,0,1,0,0
AgentVScomm18,0,0,0,0,0,0,0,0,0,0,0,0,0,0,0,1,0,0
AgentVScomm19,0,0,0,0,0,0,0,0,0,0,0,0,0,0,0,1,0,0
AgentVScomm20,0,0,0,0,0,0,0,0,0,0,0,0,0,0,0,1,0,0
AgentVScomm21,0,0,0,0,0,0,0,0,0,0,0,0,0,0,0,1,0,0
AgentVScomm22,0,0,0,0,0,0,0,0,0,0,0,0,0,0,0,1,0,0
AgentVScomm23,0,0,0,0,0,0,0,0,0,0,0,0,0,0,0,1,0,0
Status1,0,0,0,0,0,0,0,0,0,0,0,0,0,0,0,1,0,0
Status2,0,0,0,0,0,0,0,0,0,0,0,0,0,0,0,1,0,0
Status3,0,0,0,0,0,0,0,0,0,0,0,0,0,0,0,1,0,0
Status4,0,0,0,0,0,0,0,0,0,0,0,0,0,0,0,1,0,0
Status5,0,0,0,0,0,0,0,0,0,0,0,0,0,0,0,1,0,0
Status6,0,0,0,0,0,0,0,0,0,0,0,0,0,0,0,1,0,0
Status7,0,0,0,0,0,0,0,0,0,0,0,0,0,0,0,1,0,0
Status8,0,0,0,0,0,0,0,0,0,0,0,0,0,0,0,1,0,0
Status9,0,0,0,0,0,0,0,0,0,0,0,0,0,0,0,1,0,0
Status10,0,0,0,0,0,0,0,0,0,0,0,0,0,0,0,1,0,0
Status11,0,0,0,0,0,0,0,0,0,0,0,0,0,0,0,1,0,0
Status12,0,0,0,0,0,0,0,0,0,0,0,0,0,0,0,1,0,0
Status13,0,0,0,0,0,0,0,0,0,0,0,0,0,0,0,1,0,0
Status14,0,0,0,0,0,0,0,0,0,0,0,0,0,0,0,1,0,0
Status15,0,0,0,0,0,0,0,0,0,0,0,0,0,0,0,1,0,0
Status16,0,0,0,0,0,0,0,0,0,0,0,0,0,0,0,1,0,0
Status17,0,0,0,0,0,0,0,0,0,0,0,0,0,0,0,1,0,0
Hope1,0,0,0,0,0,0,0,0,0,0,0,0,0,0,0,1,0,0
Hope2,0,0,0,0,0,0,0,0,0,0,0,0,0,0,0,1,0,0
Hope3,0,0,0,0,0,0,0,0,0,0,0,0,0,0,0,1,0,0
Hope4,0,0,0,0,0,0,0,0,0,0,0,0,0,0,0,1,0,0
Hope5,0,0,0,0,0,0,0,0,0,0,0,0,0,0,0,1,0,0
Hope6,0,0,0,0,0,0,0,0,0,0,0,0,0,0,0,1,0,0
Flourishing1,0,0,0,0,0,0,0,0,0,0,0,0,0,0,0,1,0,0
Flourishing2,0,0,0,0,0,0,0,0,0,0,0,0,0,0,0,1,0,0
Flourishing3,0,0,0,0,0,0,0,0,0,0,0,0,0,0,0,1,0,0
Flourishing4,0,0,0,0,0,0,0,0,0,0,0,0,0,0,0,1,0,0
Flourishing5,0,0,0,0,0,0,0,0,0,0,0,0,0,0,0,1,0,0
Flourishing6,0,0,0,0,0,0,0,0,0,0,0,0,0,0,0,1,0,0
Flourishing7,0,0,0,0,0,0,0,0,0,0,0,0,0,0,0,1,0,0
Flourishing8,0,0,0,0,0,0,0,0,0,0,0,0,0,0,0,1,0,0
Flourishing9,0,0,0,0,0,0,0,0,0,0,0,0,0,0,0,1,0,0
Flourishing10,0,0,0,0,0,0,0,0,0,0,0,0,0,0,0,1,0,0
Flourishing11,0,0,0,0,0,0,0,0,0,0,0,0,0,0,0,1,0,0
Flourishing12,0,0,0,0,0,0,0,0,0,0,0,0,0,0,0,1,0,0
PFIaffectNeigh,1,1,1,1,1,1,1,1,1,1,1,1,1,1,1,1,0,0
PFIaffectCountry,1,1,1,1,1,1,1,1,1,1,1,1,1,1,1,1,0,0
PFIsharedfateNeigh,1,1,1,1,1,1,1,1,1,1,1,1,1,1,1,1,0,0
PFIsharedfateCountry,0,1,1,1,1,1,1,1,1,1,1,1,1,1,1,1,0,0
CovidSymptoms,1,1,1,1,1,1,1,1,1,1,1,1,1,1,1,0,0,0
HelpGiven,1,1,1,1,1,1,1,1,1,1,1,1,1,0,1,0,0,0
HelpReceived,1,1,1,1,1,1,1,1,1,1,1,1,1,0,1,0,0,0
MutualAid,1,1,1,1,1,1,1,1,1,1,1,1,1,0,1,0,0,0
EmpatheticConcern,1,1,1,1,1,1,1,1,1,1,1,1,1,0,1,0,0,0
EmpatheticDistress,1,1,1,1,1,1,1,1,1,1,1,1,1,0,1,0,0,0
Predictability,1,0,0,0,0,0,0,0,0,0,0,0,0,0,0,0,0,0
Repayment,1,0,0,0,0,0,0,0,0,0,0,0,0,0,0,0,0,0
Challenges,1,0,0,0,0,0,0,0,0,0,0,0,0,0,0,0,0,0
Wealth,1,0,0,0,0,1,0,0,0,0,0,1,0,0,1,0,0,0
TraitEmpathicConcern,1,0,0,0,0,0,0,0,0,0,0,1,0,0,1,0,0,0
TraitEmpathicdistress,1,0,0,0,0,0,0,0,0,0,0,1,0,0,1,0,0,0
BeliefInConspiracy,1,1,1,1,1,1,0,0,0,0,0,0,0,0,0,0,0,0
PoliticalOrientation,1,0,0,0,0,0,0,0,0,0,0,0,0,0,0,0,0,0
DiscountingRate,1,0,1,0,1,0,0,0,0,0,0,0,0,0,0,0,0,0
SmallSooner,1,0,1,0,1,0,0,0,0,0,0,0,0,0,0,0,0,0
LargerSooner,1,0,1,0,1,0,0,0,0,0,0,0,0,0,0,0,0,0
NoResponse,1,0,1,0,1,0,0,0,0,0,0,0,0,0,0,0,0,0
RiskReduction,0,1,0,0,1,0,0,1,0,0,1,0,0,0,0,0,0,0
RiskAvoidance,0,1,0,0,1,0,0,1,0,0,1,0,0,0,0,0,0,0
RiskRetention,0,1,0,0,1,0,0,1,0,0,1,0,0,0,0,0,0,0
RiskTransfer,0,1,0,0,1,0,0,1,0,0,1,0,0,0,0,0,0,0
RiskBehaviorComposite,0,0,1,0,0,0,0,0,0,0,0,0,0,0,0,0,0,0
CFC.Future,0,0,1,0,1,0,1,0,1,0,0,0,0,0,0,0,0,0
CFC.Immediate,0,0,1,0,1,0,1,0,1,0,0,0,0,0,0,0,0,0
CFC.Composite,0,0,1,0,1,0,1,0,1,0,0,0,0,0,0,0,0,0
ReactanceComposite,0,0,0,1,0,0,0,0,0,0,0,0,0,0,0,0,0,0
EntitlementComposite,0,0,0,1,0,0,0,0,0,0,0,0,0,0,0,0,0,0
powerrespect,0,0,0,1,0,0,0,0,0,0,0,0,0,0,0,0,0,0
b5_extroversion,0,0,0,0,0,1,0,0,0,0,0,0,0,0,0,0,0,0
b5_agreeable,0,0,0,0,0,1,0,0,0,0,0,0,0,0,0,0,0,0
b5_conscientious,0,0,0,0,0,1,0,0,0,0,0,0,0,0,0,0,0,0
b5_negemotion,0,0,0,0,0,1,0,0,0,0,0,0,0,0,0,0,0,0
b5_openness,0,0,0,0,0,1,0,0,0,0,0,0,0,0,0,0,0,0
SoPA,0,0,0,0,0,0,0,0,1,0,0,0,0,0,0,0,0,0
SoNA,0,0,0,0,0,0,0,0,1,0,0,0,0,0,0,0,0,0
LifeOrientation,0,0,0,0,0,0,0,0,0,1,0,0,0,0,0,0,0,0
Loneliness,0,0,0,0,0,0,0,0,0,1,0,0,0,0,0,0,0,0
Closure,0,0,0,0,0,0,0,0,0,0,1,0,0,0,0,0,0,0
SelfEnhancement,0,0,0,0,0,0,0,0,0,0,0,1,0,0,1,0,0,0
AnticipatedFoodScarcity,0,0,0,0,0,0,0,0,0,0,0,1,0,0,0,0,0,0
FoodInsecurity,0,0,0,0,0,0,0,0,0,0,0,1,0,0,1,0,0,0
Promotion,0,0,0,0,0,0,0,0,0,0,0,0,1,0,0,0,0,0
Prevention,0,0,0,0,0,0,0,0,0,0,0,0,1,0,0,0,0,0
PFINeighAffectTimeFirstClick,0,0,0,0,0,0,0,0,0,0,0,0,0,1,1,1,1,1
PFINeighAffectTimeLastClick,0,0,0,0,0,0,0,0,0,0,0,0,0,1,1,1,1,1
PFINeighAffectTimePageSubmit,0,0,0,0,0,0,0,0,0,0,0,0,0,1,1,1,1,1
PFINeighAffectTimeClickCount,0,0,0,0,0,0,0,0,0,0,0,0,0,1,1,1,1,1
PFINeighFateTimeFirstClick,0,0,0,0,0,0,0,0,0,0,0,0,0,1,1,1,1,1
PFINeighFateTimeLastClick,0,0,0,0,0,0,0,0,0,0,0,0,0,1,1,1,1,1
PFINeighFateTimePageSubmit,0,0,0,0,0,0,0,0,0,0,0,0,0,1,1,1,1,1
PFINeighFateTimeClickCount,0,0,0,0,0,0,0,0,0,0,0,0,0,1,1,1,1,1
HelpNeighTimeFirstClick,0,0,0,0,0,0,0,0,0,0,0,0,0,1,1,1,1,1
HelpNeighTimeLastClick,0,0,0,0,0,0,0,0,0,0,0,0,0,1,1,1,1,1
HelpNeighTimePageSubmit,0,0,0,0,0,0,0,0,0,0,0,0,0,1,1,1,1,1
HelpNeighTimeClickCount,0,0,0,0,0,0,0,0,0,0,0,0,0,1,1,1,1,1
PFIcountryAffectTimeFirstClick,0,0,0,0,0,0,0,0,0,0,0,0,0,1,1,1,1,1
PFIcountryAffectTimeLastClick,0,0,0,0,0,0,0,0,0,0,0,0,0,1,1,1,1,1
PFIcountryAffectTimePageSubmit,0,0,0,0,0,0,0,0,0,0,0,0,0,1,1,1,1,1
PFIcountryAffectTimeClickCount,0,0,0,0,0,0,0,0,0,0,0,0,0,1,1,1,1,1
PFIcountryFateTimeFirstClick,0,0,0,0,0,0,0,0,0,0,0,0,0,1,1,1,1,1
PFIcountryFateTimeLastClick,0,0,0,0,0,0,0,0,0,0,0,0,0,1,1,1,1,1
PFIcountryFateTimePageSubmit,0,0,0,0,0,0,0,0,0,0,0,0,0,1,1,1,1,1
PFIcountryFateTimeClickCount,0,0,0,0,0,0,0,0,0,0,0,0,0,1,1,1,1,1
HelpCountryTimeFirstClick,0,0,0,0,0,0,0,0,0,0,0,0,0,1,1,1,1,1
HelpCountryTimeLastClick,0,0,0,0,0,0,0,0,0,0,0,0,0,1,1,1,1,1
HelpCountryTimePageSubmit,0,0,0,0,0,0,0,0,0,0,0,0,0,1,1,1,1,1
HelpCountryTimeClickCount,0,0,0,0,0,0,0,0,0,0,0,0,0,1,1,1,1,1
ExistentialRiskOrder,0,0,0,0,0,0,0,0,0,0,0,0,0,1,0,0,0,0
Dominance,0,0,0,0,0,0,0,0,0,0,0,0,0,0,0,1,0,0
Prestige,0,0,0,0,0,0,0,0,0,0,0,0,0,0,0,1,0,0
AgenticGoal,0,0,0,0,0,0,0,0,0,0,0,0,0,0,0,1,0,0
CommunalGoal,0,0,0,0,0,0,0,0,0,0,0,0,0,0,0,1,0,0
PastFocus,0,0,0,0,0,0,0,0,0,0,0,0,0,0,0,1,0,0
PresentFocus,0,0,0,0,0,0,0,0,0,0,0,0,0,0,0,1,0,0
FutureFocus,0,0,0,0,0,0,0,0,0,0,0,0,0,0,0,1,0,0
HopeAgency,0,0,0,0,0,0,0,0,0,0,0,0,0,0,0,1,0,0
HopePathways,0,0,0,0,0,0,0,0,0,0,0,0,0,0,0,1,0,0
StateHopeTotal,0,0,0,0,0,0,0,0,0,0,0,0,0,0,0,1,0,0
RecentContactsInfect,0,0,0,0,0,0,0,0,0,0,0,0,0,0,0,0,1,1
PerceptionRiskNow,0,0,0,0,0,0,0,0,0,0,0,0,0,0,0,0,1,1
InfectionSeverityNow,0,0,0,0,0,0,0,0,0,0,0,0,0,0,0,0,1,1
Efficacy1,0,0,0,0,0,0,0,0,0,0,0,0,0,0,0,0,1,0
Efficacy2,0,0,0,0,0,0,0,0,0,0,0,0,0,0,0,0,1,0
Efficacy3,0,0,0,0,0,0,0,0,0,0,0,0,0,0,0,0,1,0
Efficacy4,0,0,0,0,0,0,0,0,0,0,0,0,0,0,0,0,1,0
Efficacy5,0,0,0,0,0,0,0,0,0,0,0,0,0,0,0,0,1,0
Efficacy6,0,0,0,0,0,0,0,0,0,0,0,0,0,0,0,0,1,0
Efficacy7,0,0,0,0,0,0,0,0,0,0,0,0,0,0,0,0,1,0
Efficacy8,0,0,0,0,0,0,0,0,0,0,0,0,0,0,0,0,1,0
Efficacy9,0,0,0,0,0,0,0,0,0,0,0,0,0,0,0,0,1,0
Efficacy10,0,0,0,0,0,0,0,0,0,0,0,0,0,0,0,0,1,0
Efficacy11,0,0,0,0,0,0,0,0,0,0,0,0,0,0,0,0,1,0
Efficacy12,0,0,0,0,0,0,0,0,0,0,0,0,0,0,0,0,1,0
Efficacy13,0,0,0,0,0,0,0,0,0,0,0,0,0,0,0,0,1,0
Efficacy14,0,0,0,0,0,0,0,0,0,0,0,0,0,0,0,0,1,0
Efficacy15,0,0,0,0,0,0,0,0,0,0,0,0,0,0,0,0,1,0
Efficacy16,0,0,0,0,0,0,0,0,0,0,0,0,0,0,0,0,1,0
Efficacy17,0,0,0,0,0,0,0,0,0,0,0,0,0,0,0,0,1,0
Efficacy18,0,0,0,0,0,0,0,0,0,0,0,0,0,0,0,0,1,0
Efficacy19,0,0,0,0,0,0,0,0,0,0,0,0,0,0,0,0,1,0
Efficacy20,0,0,0,0,0,0,0,0,0,0,0,0,0,0,0,0,1,0
Efficacy21,0,0,0,0,0,0,0,0,0,0,0,0,0,0,0,0,1,0
Efficacy22,0,0,0,0,0,0,0,0,0,0,0,0,0,0,0,0,1,0
Efficacy23,0,0,0,0,0,0,0,0,0,0,0,0,0,0,0,0,1,0
Efficacy24,0,0,0,0,0,0,0,0,0,0,0,0,0,0,0,0,1,0
Efficacy25,0,0,0,0,0,0,0,0,0,0,0,0,0,0,0,0,1,0
Efficacy26,0,0,0,0,0,0,0,0,0,0,0,0,0,0,0,0,1,0
Efficacy27,0,0,0,0,0,0,0,0,0,0,0,0,0,0,0,0,1,0
Efficacy28,0,0,0,0,0,0,0,0,0,0,0,0,0,0,0,0,1,0
Efficacy29,0,0,0,0,0,0,0,0,0,0,0,0,0,0,0,0,1,0
Efficacy30,0,0,0,0,0,0,0,0,0,0,0,0,0,0,0,0,1,0
Efficacy31,0,0,0,0,0,0,0,0,0,0,0,0,0,0,0,0,1,0
Efficacy32,0,0,0,0,0,0,0,0,0,0,0,0,0,0,0,0,1,0
HelpYou,0,0,0,0,0,0,0,0,0,0,0,0,0,0,0,0,0,1
HelpChild,0,0,0,0,0,0,0,0,0,0,0,0,0,0,0,0,0,1
HelpDog,0,0,0,0,0,0,0,0,0,0,0,0,0,0,0,0,0,1
HelpPig,0,0,0,0,0,0,0,0,0,0,0,0,0,0,0,0,0,1
NewPandemic1,0,0,0,0,0,0,0,0,0,0,0,0,0,0,0,0,0,1
NewPandemic2,0,0,0,0,0,0,0,0,0,0,0,0,0,0,0,0,0,1
Asteroid6,0,0,0,0,0,0,0,0,0,0,0,0,0,0,0,0,0,1
Asteroid7,0,0,0,0,0,0,0,0,0,0,0,0,0,0,0,0,0,1
HaveKid,0,0,0,0,0,0,0,0,0,0,0,0,0,0,0,0,0,1
HadDog,0,0,0,0,0,0,0,0,0,0,0,0,0,0,0,0,0,1
RiskHearings,0,0,0,0,0,0,0,0,0,0,0,0,0,0,0,0,0,1
UncontrollableRisk1,0,0,0,0,0,0,0,0,0,0,0,0,0,0,0,0,0,1
UncontrollableRisk2,0,0,0,0,0,0,0,0,0,0,0,0,0,0,0,0,0,1
UncontrollableRisk3,0,0,0,0,0,0,0,0,0,0,0,0,0,0,0,0,0,1
EffortSurvival,0,0,0,0,0,0,0,0,0,0,0,0,0,0,0,0,0,1
ImportantSurvive,0,0,0,0,0,0,0,0,0,0,0,0,0,0,0,0,0,1
DisplayOrder.Disease(Block1),0,0,0,0,0,0,0,0,0,0,0,0,0,0,0,0,0,1
DisplayOrder.Risks(Block2),0,0,0,0,0,0,0,0,0,0,0,0,0,0,0,0,0,1
DisplayOrder.Newpandemic(Block2),0,0,0,0,0,0,0,0,0,0,0,0,0,0,0,0,0,1
DisplayOrder.Asteroid(Block2),0,0,0,0,0,0,0,0,0,0,0,0,0,0,0,0,0,1
DisplayOrder.HelpChild(Block1),0,0,0,0,0,0,0,0,0,0,0,0,0,0,0,0,0,1
DisplayOrder.HelpYou(Block1),0,0,0,0,0,0,0,0,0,0,0,0,0,0,0,0,0,1
DisplayOrder.HelpDog(Block1),0,0,0,0,0,0,0,0,0,0,0,0,0,0,0,0,0,1
DisplayOrder.HelpPig(Block1),0,0,0,0,0,0,0,0,0,0,0,0,0,0,0,0,0,1
